Data,Cena (PLN)
2002-07-01,41.39
2002-07-02,40.65
2002-07-03,40.47
2002-07-04,41.09
2002-07-05,41.08
2002-07-08,41.61
2002-07-09,41.48
2002-07-10,42.64
2002-07-11,42.25
2002-07-12,42.11
2002-07-15,42.5
2002-07-16,42.78
2002-07-17,42.63
2002-07-18,41.77
2002-07-19,41.69
2002-07-22,41.97
2002-07-23,41.73
2002-07-24,41.98
2002-07-25,41.2
2002-07-26,40.51
2002-07-29,40.11
2002-07-30,40.11
2002-07-31,40.71
2002-08-01,40.81
2002-08-02,40.61
2002-08-05,41.31
2002-08-06,41.49
2002-08-07,41.18
2002-08-08,42.21
2002-08-09,41.96
2002-08-12,42.19
2002-08-13,42.61
2002-08-14,42.18
2002-08-16,41.82
2002-08-19,42.21
2002-08-20,41.56
2002-08-21,41.09
2002-08-22,40.79
2002-08-23,41.16
2002-08-26,41.29
2002-08-27,41.17
2002-08-28,41.56
2002-08-29,41.71
2002-08-30,41.6
2002-09-02,41.67
2002-09-03,41.4
2002-09-04,41.6
2002-09-05,41.38
2002-09-06,42.28
2002-09-09,42.75
2002-09-10,43.24
2002-09-11,42.64
2002-09-12,42.14
2002-09-13,42.63
2002-09-16,42.65
2002-09-17,42.54
2002-09-18,42.56
2002-09-19,42.77
2002-09-20,42.87
2002-09-23,42.76
2002-09-24,42.84
2002-09-25,43.57
2002-09-26,43.19
2002-09-27,42.49
2002-09-30,42.68
2002-10-01,43.18
2002-10-02,42.84
2002-10-03,42.93
2002-10-04,42.95
2002-10-07,42.7
2002-10-08,43.04
2002-10-09,42.74
2002-10-10,42.83
2002-10-11,42.4
2002-10-14,42
2002-10-15,42.08
2002-10-16,41.94
2002-10-17,41.79
2002-10-18,41.6
2002-10-21,41.95
2002-10-22,41.62
2002-10-23,41.49
2002-10-24,41.25
2002-10-25,41.02
2002-10-28,41
2002-10-29,41.02
2002-10-30,41.31
2002-10-31,41.23
2002-11-04,41.33
2002-11-05,40.8
2002-11-06,40.73
2002-11-07,40.61
2002-11-08,40.53
2002-11-12,40.54
2002-11-13,40.51
2002-11-14,40.87
2002-11-15,40.34
2002-11-18,40.34
2002-11-19,40.14
2002-11-20,39.88
2002-11-21,40.19
2002-11-22,40.26
2002-11-25,40.14
2002-11-26,40.27
2002-11-27,40.71
2002-11-28,40.64
2002-11-29,40.7
2002-12-02,41.12
2002-12-03,40.68
2002-12-04,40.9
2002-12-05,41.25
2002-12-06,41.36
2002-12-09,41.77
2002-12-10,41.37
2002-12-11,40.9
2002-12-12,41.09
2002-12-13,41.05
2002-12-16,41.51
2002-12-17,41.57
2002-12-18,42.24
2002-12-19,42.41
2002-12-20,43.15
2002-12-23,42.67
2002-12-24,42.74
2002-12-27,42.96
2002-12-30,43.25
2002-12-31,42.82
2003-01-02,42.3
2003-01-03,42.3
2003-01-06,42.55
2003-01-07,43.21
2003-01-08,43.01
2003-01-09,43.19
2003-01-10,43.37
2003-01-13,43.37
2003-01-14,43.15
2003-01-15,43.24
2003-01-16,43.07
2003-01-17,42.96
2003-01-20,43.73
2003-01-21,43.64
2003-01-22,43.47
2003-01-23,44.6
2003-01-24,46.24
2003-01-27,45.54
2003-01-28,45.6
2003-01-29,45.57
2003-01-30,45.22
2003-01-31,44.91
2003-02-03,45.12
2003-02-04,45.53
2003-02-05,46.54
2003-02-06,46.9
2003-02-07,46.6
2003-02-10,45.6
2003-02-11,45.95
2003-02-12,45.29
2003-02-13,44.12
2003-02-14,43.71
2003-02-17,43.92
2003-02-18,43.22
2003-02-19,42.73
2003-02-20,43.04
2003-02-21,43.94
2003-02-24,45.85
2003-02-25,44.43
2003-02-26,45.89
2003-02-27,43.94
2003-02-28,43.89
2003-03-03,46.26
2003-03-04,43.98
2003-03-05,44.89
2003-03-06,44.74
2003-03-07,44.57
2003-03-10,43.95
2003-03-11,44.84
2003-03-12,44.31
2003-03-13,44.12
2003-03-14,43.31
2003-03-17,43.11
2003-03-18,44.13
2003-03-19,44.27
2003-03-20,43.95
2003-03-21,43.88
2003-03-24,43.63
2003-03-25,43.15
2003-03-26,43.34
2003-03-27,43.11
2003-03-28,43.41
2003-03-31,43.3
2003-04-01,43.63
2003-04-02,43.88
2003-04-03,43.15
2003-04-04,42.26
2003-04-07,42.36
2003-04-08,42.1
2003-04-09,42.18
2003-04-10,41.27
2003-04-11,41.28
2003-04-14,41.46
2003-04-15,41.34
2003-04-16,41.28
2003-04-17,41.24
2003-04-18,41.18
2003-04-22,41.14
2003-04-23,42.09
2003-04-24,41.69
2003-04-25,41.81
2003-04-28,41.66
2003-04-29,41.46
2003-04-30,41.48
2003-05-05,41.63
2003-05-06,41.47
2003-05-07,41.44
2003-05-08,41.63
2003-05-09,42.17
2003-05-12,42.14
2003-05-13,42.27
2003-05-14,42.37
2003-05-15,42.72
2003-05-16,43
2003-05-19,43.09
2003-05-20,42.8
2003-05-21,43.81
2003-05-22,44.23
2003-05-23,43.84
2003-05-26,43.97
2003-05-27,43.82
2003-05-28,43.83
2003-05-29,42.75
2003-05-30,43.71
2003-06-02,43.12
2003-06-03,44
2003-06-04,44.02
2003-06-05,44.34
2003-06-06,45.06
2003-06-09,43.69
2003-06-10,43.66
2003-06-11,43.15
2003-06-12,43.13
2003-06-13,42.84
2003-06-16,42.79
2003-06-17,42.87
2003-06-18,43.43
2003-06-20,42.85
2003-06-23,43.64
2003-06-24,43.81
2003-06-25,43.37
2003-06-26,43.4
2003-06-27,43.01
2003-06-30,43.7
2003-07-01,43.33
2003-07-02,43.38
2003-07-03,43.35
2003-07-04,43.49
2003-07-07,43.92
2003-07-08,43.54
2003-07-09,43.86
2003-07-10,43.47
2003-07-11,43.4
2003-07-14,43.4
2003-07-15,44.05
2003-07-16,44.12
2003-07-17,43.91
2003-07-18,44.03
2003-07-21,44.2
2003-07-22,44.58
2003-07-23,44.33
2003-07-24,44.72
2003-07-25,44.21
2003-07-28,44.9
2003-07-29,45.17
2003-07-30,44.79
2003-07-31,43.99
2003-08-01,44.18
2003-08-04,44.21
2003-08-05,43.27
2003-08-06,43.03
2003-08-07,43.48
2003-08-08,43.54
2003-08-11,43.8
2003-08-12,44.7
2003-08-13,44.56
2003-08-14,44.82
2003-08-18,45.25
2003-08-19,45.08
2003-08-20,45.6
2003-08-21,45.97
2003-08-22,46.2
2003-08-25,46.09
2003-08-26,46.13
2003-08-27,46.59
2003-08-28,47.85
2003-08-29,47.57
2003-09-01,48.25
2003-09-02,48.03
2003-09-03,48.1
2003-09-04,48.07
2003-09-05,47.99
2003-09-08,48.66
2003-09-09,48.25
2003-09-10,49
2003-09-11,48.49
2003-09-12,47.76
2003-09-15,48.27
2003-09-16,47.32
2003-09-17,47.91
2003-09-18,48.64
2003-09-19,48.88
2003-09-22,48.76
2003-09-23,48.76
2003-09-24,48.41
2003-09-25,48.46
2003-09-26,49.31
2003-09-29,48.72
2003-09-30,49.02
2003-10-01,49.63
2003-10-02,48.26
2003-10-03,47.9
2003-10-06,47.98
2003-10-07,46.77
2003-10-08,46.81
2003-10-09,46.48
2003-10-10,45.41
2003-10-13,46.3
2003-10-14,45.93
2003-10-15,46.79
2003-10-16,46.85
2003-10-17,47.66
2003-10-20,47.26
2003-10-21,47.49
2003-10-22,47.95
2003-10-23,48.81
2003-10-24,48.66
2003-10-27,49.23
2003-10-28,49.16
2003-10-29,49.12
2003-10-30,49.24
2003-10-31,49.58
2003-11-03,49.97
2003-11-04,49.52
2003-11-05,49.05
2003-11-06,48.69
2003-11-07,49.21
2003-11-12,49.76
2003-11-13,49.65
2003-11-14,49.82
2003-11-17,49.49
2003-11-18,49
2003-11-19,49.33
2003-11-20,49.14
2003-11-21,49.18
2003-11-24,49.77
2003-11-25,49.6
2003-11-26,49.71
2003-11-27,50.09
2003-11-28,49.79
2003-12-01,50.41
2003-12-02,49.86
2003-12-03,50.35
2003-12-04,49.77
2003-12-05,49.63
2003-12-08,49.65
2003-12-09,49.87
2003-12-10,49.93
2003-12-11,50.26
2003-12-12,49.66
2003-12-15,49.79
2003-12-16,49.87
2003-12-17,49.24
2003-12-18,49.29
2003-12-19,49.08
2003-12-22,49.26
2003-12-23,49.33
2003-12-24,49.24
2003-12-29,49.39
2003-12-30,49.6
2003-12-31,50.31
2004-01-02,50.2
2004-01-05,49.83
2004-01-06,50.13
2004-01-07,50.07
2004-01-08,50.09
2004-01-09,50.2
2004-01-12,50.15
2004-01-13,49.84
2004-01-14,50.44
2004-01-15,50.4
2004-01-16,49.64
2004-01-19,49.66
2004-01-20,49.88
2004-01-21,49.94
2004-01-22,48.91
2004-01-23,48.74
2004-01-26,48.35
2004-01-27,49.07
2004-01-28,49.43
2004-01-29,49.61
2004-01-30,49.42
2004-02-02,49.44
2004-02-03,49.09
2004-02-04,49.51
2004-02-05,48.91
2004-02-06,49.27
2004-02-09,50.29
2004-02-10,49.63
2004-02-11,49.63
2004-02-12,49.96
2004-02-13,50.05
2004-02-16,50.74
2004-02-17,50.37
2004-02-18,50.51
2004-02-19,50.49
2004-02-20,50.71
2004-02-23,50.56
2004-02-24,50.1
2004-02-25,50.09
2004-02-26,49.63
2004-02-27,49.11
2004-03-01,50.05
2004-03-02,50.61
2004-03-03,49.92
2004-03-04,50.02
2004-03-05,49.86
2004-03-08,50.79
2004-03-09,50
2004-03-10,49.91
2004-03-11,49.79
2004-03-12,50.13
2004-03-15,49.77
2004-03-16,49.34
2004-03-17,49.55
2004-03-18,49.97
2004-03-19,51.02
2004-03-22,50.83
2004-03-23,51.62
2004-03-24,51.01
2004-03-25,51.09
2004-03-26,51.94
2004-03-29,53.22
2004-03-30,52.91
2004-03-31,52.43
2004-04-01,52.86
2004-04-02,53.01
2004-04-05,51.92
2004-04-06,52.34
2004-04-07,52.82
2004-04-08,52.6
2004-04-09,52.52
2004-04-13,52.71
2004-04-14,51.7
2004-04-15,50.89
2004-04-16,51.57
2004-04-19,51.54
2004-04-20,51.33
2004-04-21,51.03
2004-04-22,50.65
2004-04-23,50.63
2004-04-26,50.8
2004-04-27,51.38
2004-04-28,51.19
2004-04-29,50.58
2004-04-30,50.35
2004-05-04,50.28
2004-05-05,49.98
2004-05-06,49.31
2004-05-07,48.9
2004-05-10,48.2
2004-05-11,48.43
2004-05-12,48.34
2004-05-13,49.22
2004-05-14,48.6
2004-05-17,48.81
2004-05-18,48.94
2004-05-19,48.06
2004-05-20,48.03
2004-05-21,47.98
2004-05-24,48.44
2004-05-25,48.22
2004-05-26,48.1
2004-05-27,48.26
2004-05-28,48.45
2004-05-31,48.05
2004-06-01,48.09
2004-06-02,48.47
2004-06-03,48.19
2004-06-04,47.81
2004-06-07,47.54
2004-06-08,47.84
2004-06-09,47.08
2004-06-14,47.3
2004-06-15,47.14
2004-06-16,47.14
2004-06-17,46.77
2004-06-18,47.18
2004-06-21,48.4
2004-06-22,48.12
2004-06-23,48.4
2004-06-24,48.33
2004-06-25,48.33
2004-06-28,48.62
2004-06-29,48.53
2004-06-30,47.45
2004-07-01,47.7
2004-07-02,47.03
2004-07-05,47.54
2004-07-06,47.07
2004-07-07,46.74
2004-07-08,47.02
2004-07-09,47.79
2004-07-12,47.9
2004-07-13,47.39
2004-07-14,46.56
2004-07-15,46.86
2004-07-16,46.5
2004-07-19,46.81
2004-07-20,46.45
2004-07-21,46.17
2004-07-22,46.35
2004-07-23,46.55
2004-07-26,45.73
2004-07-27,45.89
2004-07-28,45.71
2004-07-29,45.71
2004-07-30,45.65
2004-08-02,45.66
2004-08-03,45.69
2004-08-04,46.22
2004-08-05,46.54
2004-08-06,45.96
2004-08-09,46.75
2004-08-10,45.76
2004-08-11,45.87
2004-08-12,45.97
2004-08-13,45.59
2004-08-16,46.64
2004-08-17,46.5
2004-08-18,47.29
2004-08-19,46.65
2004-08-20,47.29
2004-08-23,47.74
2004-08-24,47.96
2004-08-25,47.65
2004-08-26,47.89
2004-08-27,48.17
2004-08-30,48.24
2004-08-31,48.11
2004-09-01,48.19
2004-09-02,47.92
2004-09-03,47.57
2004-09-06,46.91
2004-09-07,47.22
2004-09-08,46.32
2004-09-09,46.36
2004-09-10,46.16
2004-09-13,46.46
2004-09-14,46.08
2004-09-15,46.65
2004-09-16,46.19
2004-09-17,46.38
2004-09-20,46.52
2004-09-21,46.17
2004-09-22,46.41
2004-09-23,45.88
2004-09-24,46.78
2004-09-27,46.44
2004-09-28,46.68
2004-09-29,46.98
2004-09-30,46.91
2004-10-01,47.52
2004-10-04,47.38
2004-10-05,46.53
2004-10-06,47.02
2004-10-07,47.19
2004-10-08,47.34
2004-10-11,47.69
2004-10-12,47.18
2004-10-13,46.46
2004-10-14,46.2
2004-10-15,46.37
2004-10-18,47.02
2004-10-19,46.32
2004-10-20,46.36
2004-10-21,46.54
2004-10-22,46.39
2004-10-25,46.28
2004-10-26,46.51
2004-10-27,46.82
2004-10-28,46.94
2004-10-29,46.54
2004-11-02,46.83
2004-11-03,46.27
2004-11-04,46.21
2004-11-05,46.55
2004-11-08,46.29
2004-11-09,45.85
2004-11-10,46.06
2004-11-15,46.53
2004-11-16,46.39
2004-11-17,46.42
2004-11-18,46.71
2004-11-19,46.21
2004-11-22,46.98
2004-11-23,46.69
2004-11-24,46.73
2004-11-25,46.19
2004-11-26,46.41
2004-11-29,46.27
2004-11-30,46.21
2004-12-01,46.35
2004-12-02,45.83
2004-12-03,45.55
2004-12-06,45.37
2004-12-07,45.22
2004-12-08,45.18
2004-12-09,44.11
2004-12-10,44.07
2004-12-13,44.66
2004-12-14,44.2
2004-12-15,44.22
2004-12-16,44.11
2004-12-17,43.86
2004-12-20,44.08
2004-12-21,43.89
2004-12-22,43.53
2004-12-23,43.43
2004-12-24,43.04
2004-12-27,42.86
2004-12-28,42.91
2004-12-29,42.26
2004-12-30,42.14
2004-12-31,41.96
2005-01-03,42.1
2005-01-04,42.41
2005-01-05,41.81
2005-01-06,42.68
2005-01-07,42.66
2005-01-10,42.12
2005-01-11,41.97
2005-01-12,41.96
2005-01-13,42.64
2005-01-14,42.1
2005-01-17,42.16
2005-01-18,42.22
2005-01-19,42.49
2005-01-20,42.65
2005-01-21,43.03
2005-01-24,42.8
2005-01-25,42.78
2005-01-26,42.47
2005-01-27,42.86
2005-01-28,42.44
2005-01-31,42.76
2005-02-01,42.34
2005-02-02,42.06
2005-02-03,42.76
2005-02-04,41
2005-02-07,41.1
2005-02-08,41.05
2005-02-09,41.1
2005-02-10,41.41
2005-02-11,41.78
2005-02-14,42.24
2005-02-15,42.23
2005-02-16,41.87
2005-02-17,41.56
2005-02-18,41.95
2005-02-21,41.97
2005-02-22,41.9
2005-02-23,41.91
2005-02-24,41.67
2005-02-25,41.51
2005-02-28,41.36
2005-03-01,41.3
2005-03-02,41.21
2005-03-03,41.42
2005-03-04,41.26
2005-03-07,41.74
2005-03-08,40.87
2005-03-09,41.27
2005-03-10,41.07
2005-03-11,41.87
2005-03-14,42.09
2005-03-15,42.19
2005-03-16,42.47
2005-03-17,43.37
2005-03-18,43.4
2005-03-21,42.85
2005-03-22,42.9
2005-03-23,43.15
2005-03-24,43.37
2005-03-25,43.41
2005-03-29,43.46
2005-03-30,44.14
2005-03-31,43.59
2005-04-01,43.31
2005-04-04,43.22
2005-04-05,43.55
2005-04-06,43.97
2005-04-07,43.63
2005-04-11,43.42
2005-04-12,43.59
2005-04-13,43.25
2005-04-14,43.27
2005-04-15,43.54
2005-04-18,43.91
2005-04-19,43.97
2005-04-20,44.38
2005-04-21,44.58
2005-04-22,44.46
2005-04-25,44.86
2005-04-26,45.09
2005-04-27,45.45
2005-04-28,45.79
2005-04-29,45.73
2005-05-02,46.22
2005-05-04,45.68
2005-05-05,45.1
2005-05-06,44.41
2005-05-09,43.79
2005-05-10,43.96
2005-05-11,44.5
2005-05-12,44.5
2005-05-13,44.35
2005-05-16,44.53
2005-05-17,44.96
2005-05-18,44.98
2005-05-19,44.99
2005-05-20,44.46
2005-05-23,44.24
2005-05-24,44.97
2005-05-25,44.74
2005-05-27,44.72
2005-05-30,44.87
2005-05-31,44.55
2005-06-01,44.34
2005-06-02,45.11
2005-06-03,45.48
2005-06-06,45.72
2005-06-07,45.56
2005-06-08,45.02
2005-06-09,45.07
2005-06-10,44.84
2005-06-13,44.77
2005-06-14,46.17
2005-06-15,45.85
2005-06-16,46.14
2005-06-17,46.51
2005-06-20,47.07
2005-06-21,47.31
2005-06-22,46.88
2005-06-23,46.65
2005-06-24,46.93
2005-06-27,47.29
2005-06-28,46.81
2005-06-29,47.14
2005-06-30,47.16
2005-07-01,47.01
2005-07-04,46.52
2005-07-05,46.23
2005-07-06,45.91
2005-07-07,46.31
2005-07-08,47.15
2005-07-11,46.85
2005-07-12,46.39
2005-07-13,46.2
2005-07-14,46.3
2005-07-15,46.88
2005-07-18,46.19
2005-07-19,46.26
2005-07-20,46.2
2005-07-21,46.46
2005-07-22,46.33
2005-07-25,46.1
2005-07-26,46.6
2005-07-27,46.62
2005-07-28,46.76
2005-07-29,46.46
2005-08-01,46.46
2005-08-02,46.18
2005-08-03,45.98
2005-08-04,46.56
2005-08-05,46.64
2005-08-08,46.38
2005-08-09,46.06
2005-08-10,45.49
2005-08-11,45.71
2005-08-12,46.06
2005-08-16,46.14
2005-08-17,46.59
2005-08-18,46.56
2005-08-19,46.22
2005-08-22,46.77
2005-08-23,46.82
2005-08-24,46.41
2005-08-25,46.6
2005-08-26,46.48
2005-08-29,46.26
2005-08-30,46.38
2005-08-31,45.92
2005-09-01,46.16
2005-09-02,45.46
2005-09-05,45.07
2005-09-06,44.96
2005-09-07,45.27
2005-09-08,44.86
2005-09-09,45.62
2005-09-12,45.89
2005-09-13,46.02
2005-09-14,45.86
2005-09-15,46.29
2005-09-16,46.56
2005-09-19,46.65
2005-09-20,47.89
2005-09-21,47.83
2005-09-22,48.14
2005-09-23,47.93
2005-09-26,47.94
2005-09-27,48.14
2005-09-28,48.23
2005-09-29,48.51
2005-09-30,49.2
2005-10-03,49.58
2005-10-04,49.17
2005-10-05,49.57
2005-10-06,48.96
2005-10-07,49.47
2005-10-10,49.24
2005-10-11,48.65
2005-10-12,49.14
2005-10-13,49.42
2005-10-14,49.17
2005-10-17,49.04
2005-10-18,49.39
2005-10-19,49.31
2005-10-20,48.93
2005-10-21,48.59
2005-10-24,48.24
2005-10-25,49.03
2005-10-26,49.56
2005-10-27,49.54
2005-10-28,50.27
2005-10-31,49.71
2005-11-02,48.84
2005-11-03,48.87
2005-11-04,48.85
2005-11-07,49.31
2005-11-08,49.97
2005-11-09,50.9
2005-11-10,50.49
2005-11-14,51.31
2005-11-15,51.08
2005-11-16,51.44
2005-11-17,51.89
2005-11-18,53.26
2005-11-21,53.19
2005-11-22,52.93
2005-11-23,53.78
2005-11-24,52.53
2005-11-25,52.82
2005-11-28,53.15
2005-11-29,53.31
2005-11-30,52.57
2005-12-01,52.87
2005-12-02,53.62
2005-12-05,53.55
2005-12-06,53.62
2005-12-07,52.77
2005-12-08,54.25
2005-12-09,54.43
2005-12-12,55.46
2005-12-13,55.95
2005-12-14,53.86
2005-12-15,52.19
2005-12-16,52.03
2005-12-19,52.58
2005-12-20,52.7
2005-12-21,51.88
2005-12-22,50.69
2005-12-23,52.09
2005-12-27,52.33
2005-12-28,52.31
2005-12-29,53.72
2005-12-30,53.71
2006-01-02,53.78
2006-01-03,53.73
2006-01-04,55.36
2006-01-05,54.22
2006-01-06,53
2006-01-09,54.22
2006-01-10,54.37
2006-01-11,54.65
2006-01-12,54.87
2006-01-13,54.46
2006-01-16,55.61
2006-01-17,56.57
2006-01-18,56.08
2006-01-19,55.87
2006-01-20,56.68
2006-01-23,58.13
2006-01-24,55.98
2006-01-25,56.15
2006-01-26,55.9
2006-01-27,55.91
2006-01-30,56.67
2006-01-31,57.34
2006-02-01,57.85
2006-02-02,57.38
2006-02-03,58.36
2006-02-06,58.02
2006-02-07,58.33
2006-02-08,57.19
2006-02-09,56.36
2006-02-10,57.44
2006-02-13,56.66
2006-02-14,56.32
2006-02-15,55.29
2006-02-16,55.21
2006-02-17,54.9
2006-02-20,56.18
2006-02-21,56.09
2006-02-22,56.46
2006-02-23,56.88
2006-02-24,56.2
2006-02-27,56.68
2006-02-28,56.58
2006-03-01,56.8
2006-03-02,57.37
2006-03-03,57.25
2006-03-06,57.54
2006-03-07,57.53
2006-03-08,57.51
2006-03-09,56.83
2006-03-10,57.45
2006-03-13,56.15
2006-03-14,57.04
2006-03-15,57.74
2006-03-16,57.74
2006-03-17,57.07
2006-03-20,55.89
2006-03-21,57.02
2006-03-22,56.51
2006-03-23,57.48
2006-03-24,56.7
2006-03-27,58.38
2006-03-28,58.75
2006-03-29,59.64
2006-03-30,59.98
2006-03-31,61.24
2006-04-03,60.79
2006-04-04,61.4
2006-04-05,61.27
2006-04-06,61.14
2006-04-07,61.7
2006-04-10,61.7
2006-04-11,62.71
2006-04-12,62.61
2006-04-13,61.93
2006-04-14,61.93
2006-04-18,61.98
2006-04-19,63.37
2006-04-20,63.42
2006-04-21,63.34
2006-04-24,63.24
2006-04-25,62.47
2006-04-26,63.62
2006-04-27,64.02
2006-04-28,63.76
2006-05-02,63.87
2006-05-04,66.22
2006-05-05,65.83
2006-05-08,65.68
2006-05-09,65.01
2006-05-10,67.01
2006-05-11,67.73
2006-05-12,69.14
2006-05-15,69.96
2006-05-16,67.64
2006-05-17,67.07
2006-05-18,67.56
2006-05-19,68.85
2006-05-22,64.58
2006-05-23,65.09
2006-05-24,66.12
2006-05-25,64.31
2006-05-29,63.28
2006-05-30,63.49
2006-05-31,65.05
2006-06-01,64.38
2006-06-02,61.94
2006-06-05,62.26
2006-06-06,62.88
2006-06-07,61.93
2006-06-08,61.2
2006-06-09,61.54
2006-06-12,59.46
2006-06-13,61.81
2006-06-14,60.37
2006-06-16,58.47
2006-06-19,58.78
2006-06-20,58.94
2006-06-21,58.86
2006-06-22,59.68
2006-06-23,60.48
2006-06-26,61.28
2006-06-27,61.31
2006-06-28,61.16
2006-06-29,60.85
2006-06-30,61.76
2006-07-03,62.74
2006-07-04,63.51
2006-07-05,62.53
2006-07-06,63.15
2006-07-07,64.04
2006-07-10,63.99
2006-07-11,63.65
2006-07-12,64.11
2006-07-13,66.01
2006-07-14,66.58
2006-07-17,67.93
2006-07-18,67.46
2006-07-19,66.75
2006-07-20,66.39
2006-07-21,64.85
2006-07-24,63.57
2006-07-25,61.09
2006-07-26,61.73
2006-07-27,61.58
2006-07-28,63.11
2006-07-31,63.38
2006-08-01,62.71
2006-08-02,63.28
2006-08-03,64.69
2006-08-04,63.61
2006-08-07,64.11
2006-08-08,62.85
2006-08-09,62.62
2006-08-10,62.72
2006-08-11,62.26
2006-08-14,62.68
2006-08-16,61.05
2006-08-17,61.42
2006-08-18,60.39
2006-08-21,59.78
2006-08-22,61.02
2006-08-23,60.78
2006-08-24,61.41
2006-08-25,61.26
2006-08-28,61.49
2006-08-29,61.38
2006-08-30,60.78
2006-08-31,61.14
2006-09-01,61.46
2006-09-04,61.6
2006-09-05,62.24
2006-09-06,63.38
2006-09-07,63.17
2006-09-08,62.33
2006-09-11,61.42
2006-09-12,59.23
2006-09-13,59.48
2006-09-14,59.24
2006-09-15,58.71
2006-09-18,57.51
2006-09-19,58.08
2006-09-20,58.63
2006-09-21,58.09
2006-09-22,57.76
2006-09-25,58.83
2006-09-26,58.4
2006-09-27,59.23
2006-09-28,59.78
2006-09-29,60.72
2006-10-02,60.56
2006-10-03,60.54
2006-10-04,58.16
2006-10-05,57.32
2006-10-06,57.07
2006-10-09,55.95
2006-10-10,57.55
2006-10-11,57.14
2006-10-12,57.4
2006-10-13,57.47
2006-10-16,58.41
2006-10-17,59.29
2006-10-18,58.83
2006-10-19,59.45
2006-10-20,59.42
2006-10-23,58.64
2006-10-24,57.56
2006-10-25,57.13
2006-10-26,57.75
2006-10-27,58.79
2006-10-30,58.65
2006-10-31,59.84
2006-11-02,60.47
2006-11-03,60.38
2006-11-06,60.58
2006-11-07,60.66
2006-11-08,60.36
2006-11-09,59.98
2006-11-10,60.35
2006-11-13,60.37
2006-11-14,59.77
2006-11-15,60.02
2006-11-16,59.01
2006-11-17,59.63
2006-11-20,59.16
2006-11-21,59.6
2006-11-22,59.45
2006-11-23,60.02
2006-11-24,59.67
2006-11-27,60.29
2006-11-28,59.93
2006-11-29,59.75
2006-11-30,59.52
2006-12-01,60.11
2006-12-04,59.87
2006-12-05,59.55
2006-12-06,59.46
2006-12-07,58.65
2006-12-08,57.85
2006-12-11,59.15
2006-12-12,58.29
2006-12-13,58.07
2006-12-14,57.45
2006-12-15,57.96
2006-12-18,57.99
2006-12-19,57.15
2006-12-20,57.65
2006-12-21,57.44
2006-12-22,57.45
2006-12-27,57.61
2006-12-28,58.98
2006-12-29,59.32
2007-01-02,59.49
2007-01-03,59.3
2007-01-04,59.65
2007-01-05,59.27
2007-01-08,58.28
2007-01-09,58.38
2007-01-10,58.11
2007-01-11,58.57
2007-01-12,58.82
2007-01-15,59.88
2007-01-16,60.31
2007-01-17,60.27
2007-01-18,60.65
2007-01-19,61.17
2007-01-22,60.01
2007-01-23,60.86
2007-01-24,61.46
2007-01-25,61.6
2007-01-26,62.67
2007-01-29,62.94
2007-01-30,62.97
2007-01-31,63.04
2007-02-01,63.57
2007-02-02,63.63
2007-02-05,62.29
2007-02-06,62.67
2007-02-07,62.81
2007-02-08,62.52
2007-02-09,62.92
2007-02-12,63.87
2007-02-13,64.3
2007-02-14,64.72
2007-02-15,64.18
2007-02-16,63.43
2007-02-19,63.65
2007-02-20,64.02
2007-02-21,63.11
2007-02-22,63.01
2007-02-23,64.46
2007-02-26,65.05
2007-02-27,65.21
2007-02-28,64.39
2007-03-01,63.41
2007-03-02,63.63
2007-03-05,62.15
2007-03-06,61.04
2007-03-07,61.6
2007-03-08,61.78
2007-03-09,62.17
2007-03-12,61.88
2007-03-13,61.2
2007-03-14,61.76
2007-03-15,61.18
2007-03-16,61.44
2007-03-19,61.59
2007-03-20,61.43
2007-03-21,61.79
2007-03-22,61.72
2007-03-23,61.78
2007-03-26,61.42
2007-03-27,62.19
2007-03-28,61.94
2007-03-29,62.53
2007-03-30,61.78
2007-04-02,61.84
2007-04-03,61.22
2007-04-04,61.55
2007-04-05,62.34
2007-04-06,62.24
2007-04-10,61.98
2007-04-11,62.41
2007-04-12,62.15
2007-04-13,62.04
2007-04-16,62.26
2007-04-17,62.27
2007-04-18,62.47
2007-04-19,62
2007-04-20,61.53
2007-04-23,62.01
2007-04-24,61.7
2007-04-25,61.8
2007-04-26,61
2007-04-27,59.87
2007-04-30,60.48
2007-05-02,60.34
2007-05-04,60.17
2007-05-07,61.17
2007-05-08,61.02
2007-05-09,60.77
2007-05-10,61.02
2007-05-11,59.91
2007-05-14,60.4
2007-05-15,59.85
2007-05-16,59.95
2007-05-17,59.7
2007-05-18,59.13
2007-05-21,59.31
2007-05-22,59.15
2007-05-23,59.63
2007-05-24,60.19
2007-05-25,59.89
2007-05-28,59.77
2007-05-29,59.56
2007-05-30,60.17
2007-05-31,59.72
2007-06-01,60.21
2007-06-04,60.81
2007-06-05,60.88
2007-06-06,60.8
2007-06-08,60.75
2007-06-11,60.68
2007-06-12,60.11
2007-06-13,59.69
2007-06-14,60.28
2007-06-15,60.36
2007-06-18,60.11
2007-06-19,59.82
2007-06-20,59.95
2007-06-21,59.62
2007-06-22,59.25
2007-06-25,59.25
2007-06-26,58.91
2007-06-27,58.66
2007-06-28,58.5
2007-06-29,58.42
2007-07-02,58.52
2007-07-03,58.3
2007-07-04,58.1
2007-07-05,58.09
2007-07-06,57.75
2007-07-09,58.09
2007-07-10,58.51
2007-07-11,58.69
2007-07-12,58.55
2007-07-13,58.44
2007-07-16,58.21
2007-07-17,58.26
2007-07-18,58.34
2007-07-19,58.5
2007-07-20,58.88
2007-07-23,59.67
2007-07-24,59.78
2007-07-25,59.84
2007-07-26,59.75
2007-07-27,59.78
2007-07-30,59.2
2007-07-31,59.21
2007-08-01,59.18
2007-08-02,59.79
2007-08-03,59.52
2007-08-06,59.55
2007-08-07,59.2
2007-08-08,58.96
2007-08-09,59.62
2007-08-10,58.32
2007-08-13,59.31
2007-08-14,59.43
2007-08-16,59.79
2007-08-17,60.69
2007-08-20,60.32
2007-08-21,60.1
2007-08-22,60.35
2007-08-23,60.31
2007-08-24,60.09
2007-08-27,59.98
2007-08-28,59.62
2007-08-29,60.13
2007-08-30,60.47
2007-08-31,60.1
2007-09-03,60.49
2007-09-04,60.5
2007-09-05,61.38
2007-09-06,61.47
2007-09-07,61.85
2007-09-10,62.78
2007-09-11,62.47
2007-09-12,62.29
2007-09-13,61.82
2007-09-14,61.44
2007-09-17,62.77
2007-09-18,63.07
2007-09-19,62.77
2007-09-20,62.96
2007-09-21,63.41
2007-09-24,63.43
2007-09-25,62.61
2007-09-26,62.63
2007-09-27,63.21
2007-09-28,62.89
2007-10-01,63.66
2007-10-02,63.21
2007-10-03,62.38
2007-10-04,62.48
2007-10-05,62.4
2007-10-08,63.23
2007-10-09,62.83
2007-10-10,63.29
2007-10-11,63.16
2007-10-12,63.51
2007-10-15,63.35
2007-10-16,63.77
2007-10-17,63.8
2007-10-18,64.14
2007-10-19,63.92
2007-10-22,63.19
2007-10-23,62.19
2007-10-24,62.73
2007-10-25,62.58
2007-10-26,62.99
2007-10-29,63.19
2007-10-30,63.74
2007-10-31,63.55
2007-11-02,63.92
2007-11-05,64.5
2007-11-06,65.14
2007-11-07,66.15
2007-11-08,66.19
2007-11-09,67.14
2007-11-12,65.81
2007-11-13,64.41
2007-11-14,64.67
2007-11-15,64.75
2007-11-16,63.9
2007-11-19,63.81
2007-11-20,62.74
2007-11-21,63.78
2007-11-22,63.9
2007-11-23,64.2
2007-11-26,65.15
2007-11-27,65.99
2007-11-28,64.85
2007-11-29,64.07
2007-11-30,63.13
2007-12-03,61.94
2007-12-04,62.34
2007-12-05,63.27
2007-12-06,62.47
2007-12-07,63.36
2007-12-10,62.49
2007-12-11,63.46
2007-12-12,63.08
2007-12-13,63.75
2007-12-14,62.74
2007-12-17,62.81
2007-12-18,64.15
2007-12-19,64.99
2007-12-20,64.57
2007-12-21,64.54
2007-12-24,65.59
2007-12-27,65.41
2007-12-28,66.49
2007-12-31,65.86
2008-01-02,65.48
2008-01-03,66.83
2008-01-04,67.78
2008-01-07,67.43
2008-01-08,67.72
2008-01-09,68.69
2008-01-10,68.89
2008-01-11,69.51
2008-01-14,69.39
2008-01-15,69.76
2008-01-16,70.59
2008-01-17,69.44
2008-01-18,70.27
2008-01-21,70.28
2008-01-22,70.34
2008-01-23,71.06
2008-01-24,71
2008-01-25,72.44
2008-01-28,72.45
2008-01-29,73.11
2008-01-30,72.82
2008-01-31,72.41
2008-02-01,72.53
2008-02-04,71.22
2008-02-05,69.21
2008-02-06,69.27
2008-02-07,71.36
2008-02-08,71.08
2008-02-11,73.56
2008-02-12,73.5
2008-02-13,73.39
2008-02-14,71.38
2008-02-15,71.49
2008-02-18,71.75
2008-02-19,71.03
2008-02-20,72.17
2008-02-21,72
2008-02-22,73.69
2008-02-25,72.99
2008-02-26,72.51
2008-02-27,71.66
2008-02-28,72.52
2008-02-29,71.97
2008-03-03,72.31
2008-03-04,74.06
2008-03-05,73.36
2008-03-06,72.86
2008-03-07,72.46
2008-03-10,72.51
2008-03-11,72.33
2008-03-12,71.82
2008-03-13,71.86
2008-03-14,72.75
2008-03-17,73.11
2008-03-18,73.34
2008-03-19,72.64
2008-03-20,69.17
2008-03-21,67.97
2008-03-25,68.1
2008-03-26,67.61
2008-03-27,68.46
2008-03-28,68.05
2008-03-31,67.18
2008-04-01,66.94
2008-04-02,63.9
2008-04-03,63.94
2008-04-04,64.31
2008-04-07,64.55
2008-04-08,65.79
2008-04-09,64.78
2008-04-10,64.85
2008-04-11,64.92
2008-04-14,64.43
2008-04-15,64.73
2008-04-16,64.26
2008-04-17,65.35
2008-04-18,65.41
2008-04-21,62.82
2008-04-22,63.77
2008-04-23,63.28
2008-04-24,61.65
2008-04-25,62.47
2008-04-28,63.18
2008-04-29,62.99
2008-04-30,62.56
2008-05-02,62.35
2008-05-05,61.17
2008-05-06,60.91
2008-05-07,62.81
2008-05-08,61.82
2008-05-09,62.89
2008-05-12,61.97
2008-05-13,62.49
2008-05-14,60.8
2008-05-15,61.32
2008-05-16,62.08
2008-05-19,63.05
2008-05-20,63.11
2008-05-21,63.97
2008-05-23,63.86
2008-05-26,64.63
2008-05-27,64.48
2008-05-28,62.9
2008-05-29,62.71
2008-05-30,61.69
2008-06-02,62.15
2008-06-03,62.12
2008-06-04,61.09
2008-06-05,62.06
2008-06-06,61.71
2008-06-09,62.2
2008-06-10,61.81
2008-06-11,61.41
2008-06-12,61.37
2008-06-13,60.82
2008-06-16,61.35
2008-06-17,62.66
2008-06-18,61.88
2008-06-19,62.21
2008-06-20,63.09
2008-06-23,63.1
2008-06-24,61.42
2008-06-25,61.79
2008-06-26,61.12
2008-06-27,62.63
2008-06-30,63.16
2008-07-01,63.39
2008-07-02,64.18
2008-07-03,63.81
2008-07-04,63.48
2008-07-07,63.47
2008-07-08,62.46
2008-07-09,62.23
2008-07-10,62.47
2008-07-11,62.97
2008-07-14,64.1
2008-07-15,63.89
2008-07-16,64.68
2008-07-17,63.73
2008-07-18,63.11
2008-07-21,62.67
2008-07-22,62.44
2008-07-23,62.55
2008-07-24,61.72
2008-07-25,61.63
2008-07-28,60.44
2008-07-29,60.57
2008-07-30,60.4
2008-07-31,59.28
2008-08-01,60.52
2008-08-04,60.63
2008-08-05,59.99
2008-08-06,58.92
2008-08-07,59.03
2008-08-08,58.77
2008-08-11,58.92
2008-08-12,59.26
2008-08-13,58.04
2008-08-14,57.68
2008-08-18,56.23
2008-08-19,57.92
2008-08-20,57.68
2008-08-21,58.83
2008-08-22,60.11
2008-08-25,58.91
2008-08-26,59.52
2008-08-27,60.29
2008-08-28,60.11
2008-08-29,61.14
2008-09-01,60.77
2008-09-02,60.26
2008-09-03,59.38
2008-09-04,60.34
2008-09-05,60.27
2008-09-08,62.62
2008-09-09,63.19
2008-09-10,61.6
2008-09-11,61.1
2008-09-12,58.37
2008-09-15,57.39
2008-09-16,58.79
2008-09-17,59.55
2008-09-18,61.36
2008-09-19,65.01
2008-09-22,65.33
2008-09-23,64.25
2008-09-24,65
2008-09-25,64.91
2008-09-26,64.75
2008-09-29,66.66
2008-09-30,68.8
2008-10-01,67.43
2008-10-02,67.6
2008-10-03,67.02
2008-10-06,65.69
2008-10-07,71.19
2008-10-08,71.75
2008-10-09,74.51
2008-10-10,70.56
2008-10-13,75.6
2008-10-14,69.58
2008-10-15,68.67
2008-10-16,70.79
2008-10-17,68.07
2008-10-20,66.86
2008-10-21,67.36
2008-10-22,67.51
2008-10-23,68.92
2008-10-24,68.96
2008-10-27,71.72
2008-10-28,72.4
2008-10-29,69.8
2008-10-30,69.88
2008-10-31,66.28
2008-11-03,66.88
2008-11-04,64.96
2008-11-05,66.6
2008-11-06,66.16
2008-11-07,66.89
2008-11-10,67.2
2008-11-12,66.84
2008-11-13,70.05
2008-11-14,68.92
2008-11-17,70.79
2008-11-18,69.45
2008-11-19,72.77
2008-11-20,74.73
2008-11-21,73.2
2008-11-24,75.08
2008-11-25,81.33
2008-11-26,78.85
2008-11-27,76.26
2008-11-28,76.02
2008-12-01,76.46
2008-12-02,75.88
2008-12-03,76.23
2008-12-04,75.07
2008-12-05,76.58
2008-12-08,73.39
2008-12-09,74.1
2008-12-10,75.39
2008-12-11,78.94
2008-12-12,80.51
2008-12-15,78.94
2008-12-16,78.51
2008-12-17,80
2008-12-18,80.97
2008-12-19,78.27
2008-12-22,78.27
2008-12-23,79.39
2008-12-24,79.94
2008-12-29,78.85
2008-12-30,82.9
2008-12-31,81.29
2009-01-02,82.37
2009-01-05,84.11
2009-01-06,82.56
2009-01-07,82.39
2009-01-08,78.69
2009-01-09,81.32
2009-01-12,80.5
2009-01-13,80.26
2009-01-14,82.8
2009-01-15,82.65
2009-01-16,83.61
2009-01-19,84.06
2009-01-20,86.96
2009-01-21,91.56
2009-01-22,91.37
2009-01-23,91.31
2009-01-26,96.81
2009-01-27,99.26
2009-01-28,93.94
2009-01-29,94.95
2009-01-30,96.55
2009-02-02,102.16
2009-02-03,102.81
2009-02-04,102.45
2009-02-05,104.96
2009-02-06,106.82
2009-02-09,104.38
2009-02-10,101.2
2009-02-11,101.36
2009-02-12,105.51
2009-02-13,108.46
2009-02-16,108.13
2009-02-17,113.2
2009-02-18,119
2009-02-19,120.79
2009-02-20,116.47
2009-02-23,120.28
2009-02-24,115.96
2009-02-25,115.81
2009-02-26,114.24
2009-02-27,111.01
2009-03-02,112.52
2009-03-03,113.51
2009-03-04,110.36
2009-03-05,110.72
2009-03-06,109.65
2009-03-09,112.64
2009-03-10,111.25
2009-03-11,108.02
2009-03-12,105.1
2009-03-13,107.41
2009-03-16,103.61
2009-03-17,102.35
2009-03-18,101.16
2009-03-19,99.87
2009-03-20,103.5
2009-03-23,104.1
2009-03-24,102.34
2009-03-25,98.99
2009-03-26,100.91
2009-03-27,101.39
2009-03-30,101.17
2009-03-31,106.76
2009-04-01,104.37
2009-04-02,104.68
2009-04-03,97.56
2009-04-06,96.26
2009-04-07,91.26
2009-04-08,95.7
2009-04-09,96.58
2009-04-10,94.52
2009-04-14,94.06
2009-04-15,94.2
2009-04-16,91.53
2009-04-17,92.37
2009-04-20,91.71
2009-04-21,94.75
2009-04-22,97.7
2009-04-23,97.45
2009-04-24,97.73
2009-04-27,98.66
2009-04-28,100.54
2009-04-29,100.58
2009-04-30,97.27
2009-05-04,93.45
2009-05-05,93.99
2009-05-06,95.24
2009-05-07,96.51
2009-05-08,95.71
2009-05-11,94.53
2009-05-12,94.35
2009-05-13,95.07
2009-05-14,95.3
2009-05-15,97.87
2009-05-18,98.54
2009-05-19,98.55
2009-05-20,95.56
2009-05-21,96.39
2009-05-22,96.6
2009-05-25,97.34
2009-05-26,97.45
2009-05-27,97.06
2009-05-28,96.98
2009-05-29,99.82
2009-06-01,99.76
2009-06-02,98.62
2009-06-03,100.17
2009-06-04,99
2009-06-05,98.89
2009-06-08,98.92
2009-06-09,99.23
2009-06-10,99.55
2009-06-12,96.55
2009-06-15,95.6
2009-06-16,97.2
2009-06-17,98.19
2009-06-18,97.41
2009-06-19,98.82
2009-06-22,98.39
2009-06-23,96.03
2009-06-24,96.92
2009-06-25,96.83
2009-06-26,97.46
2009-06-29,97.26
2009-06-30,96.51
2009-07-01,95.36
2009-07-02,94.66
2009-07-03,92.67
2009-07-06,93.65
2009-07-07,93.57
2009-07-08,92.99
2009-07-09,94
2009-07-10,91.51
2009-07-13,92.23
2009-07-14,92.3
2009-07-15,92.63
2009-07-16,92.16
2009-07-17,91.76
2009-07-20,92.32
2009-07-21,92.61
2009-07-22,91.48
2009-07-23,91.75
2009-07-24,91.1
2009-07-27,90.74
2009-07-28,89.74
2009-07-29,88.76
2009-07-30,88.69
2009-07-31,89.15
2009-08-03,89.14
2009-08-04,89.01
2009-08-05,87.9
2009-08-06,88.15
2009-08-07,89.03
2009-08-10,89.21
2009-08-11,87.86
2009-08-12,88.4
2009-08-13,90.76
2009-08-14,88.64
2009-08-17,88.42
2009-08-18,89.08
2009-08-19,88.9
2009-08-20,89.88
2009-08-21,87.92
2009-08-24,88.33
2009-08-25,88.07
2009-08-26,87.75
2009-08-27,86.36
2009-08-28,87.85
2009-08-31,87.43
2009-09-01,88.09
2009-09-02,87.8
2009-09-03,91.2
2009-09-04,91.44
2009-09-07,91.81
2009-09-08,91.82
2009-09-09,91.4
2009-09-10,91.16
2009-09-11,91.25
2009-09-14,92.96
2009-09-15,93.76
2009-09-16,91.3
2009-09-17,92.23
2009-09-18,91.6
2009-09-21,91.85
2009-09-22,90.69
2009-09-23,91.59
2009-09-24,91.64
2009-09-25,91.89
2009-09-28,91.44
2009-09-29,92.15
2009-09-30,91.58
2009-10-01,92.36
2009-10-02,93.54
2009-10-05,94.32
2009-10-06,93.28
2009-10-07,94.77
2009-10-08,95.26
2009-10-09,96.29
2009-10-12,97.91
2009-10-13,98.5
2009-10-14,97.02
2009-10-15,96.22
2009-10-16,95.09
2009-10-19,95.14
2009-10-20,94.94
2009-10-21,95.31
2009-10-22,94.09
2009-10-23,94.96
2009-10-26,94.96
2009-10-27,94.04
2009-10-28,94.06
2009-10-29,95.46
2009-10-30,96.49
2009-11-02,95.62
2009-11-03,98.21
2009-11-04,99.58
2009-11-05,101.29
2009-11-06,100.67
2009-11-09,100.44
2009-11-10,100.32
2009-11-12,100.52
2009-11-13,99.33
2009-11-16,98.06
2009-11-17,99.54
2009-11-18,100.01
2009-11-19,101.09
2009-11-20,101.39
2009-11-23,102.16
2009-11-24,103.46
2009-11-25,103.18
2009-11-26,103.79
2009-11-27,104.29
2009-11-30,105.19
2009-12-01,104.09
2009-12-02,105.02
2009-12-03,105.97
2009-12-04,105.28
2009-12-07,103.96
2009-12-08,100.93
2009-12-09,101.15
2009-12-10,102.58
2009-12-11,102.19
2009-12-14,101.37
2009-12-15,102.06
2009-12-16,103.29
2009-12-17,105.65
2009-12-18,104.52
2009-12-21,103.11
2009-12-22,104.02
2009-12-23,101.87
2009-12-24,102.2
2009-12-28,102.82
2009-12-29,102.66
2009-12-30,102.38
2009-12-31,100.42
2010-01-04,101.16
2010-01-05,102.64
2010-01-06,102.06
2010-01-07,103.52
2010-01-08,104.05
2010-01-11,103.92
2010-01-12,103.73
2010-01-13,104.25
2010-01-14,101.5
2010-01-15,102.22
2010-01-18,101.46
2010-01-19,102.3
2010-01-20,101.91
2010-01-21,101.92
2010-01-22,103.07
2010-01-25,100.32
2010-01-26,101.01
2010-01-27,102.17
2010-01-28,102.37
2010-01-29,101.29
2010-02-01,100.86
2010-02-02,100.55
2010-02-03,102.17
2010-02-04,101.56
2010-02-05,101.25
2010-02-08,101.77
2010-02-09,102.27
2010-02-10,102.19
2010-02-11,101.32
2010-02-12,102.08
2010-02-15,102.38
2010-02-16,104.33
2010-02-17,105.53
2010-02-18,104.37
2010-02-19,105.51
2010-02-22,106.12
2010-02-23,104.59
2010-02-24,103.35
2010-02-25,104.86
2010-02-26,104.17
2010-03-01,104.22
2010-03-02,103.49
2010-03-03,105.59
2010-03-04,105.17
2010-03-05,104.59
2010-03-08,104.24
2010-03-09,102.68
2010-03-10,102.51
2010-03-11,102.8
2010-03-12,101.36
2010-03-15,100.71
2010-03-16,100.99
2010-03-17,102.67
2010-03-18,101.3
2010-03-19,102.11
2010-03-22,101.9
2010-03-23,102.15
2010-03-24,101.99
2010-03-25,101.62
2010-03-26,102.48
2010-03-29,102.44
2010-03-30,102.78
2010-03-31,102.31
2010-04-01,102.99
2010-04-02,102.96
2010-04-06,102.67
2010-04-07,104.23
2010-04-08,105.29
2010-04-09,106.95
2010-04-12,106.09
2010-04-13,105.72
2010-04-14,105.58
2010-04-15,105.06
2010-04-16,105.76
2010-04-19,105.78
2010-04-20,105.97
2010-04-21,106.26
2010-04-22,105.8
2010-04-23,105.06
2010-04-26,106.8
2010-04-27,107.9
2010-04-28,107.77
2010-04-29,112.13
2010-04-30,111
2010-05-04,111.1
2010-05-05,114.03
2010-05-06,116.18
2010-05-07,121.2
2010-05-10,126.8
2010-05-11,117.98
2010-05-12,125.32
2010-05-13,124.77
2010-05-14,125.23
2010-05-17,126.68
2010-05-18,130.23
2010-05-19,126.3
2010-05-20,129.07
2010-05-21,127.11
2010-05-24,125.71
2010-05-25,126.11
2010-05-26,131.73
2010-05-27,130.63
2010-05-28,130.22
2010-05-31,126.34
2010-06-01,128.62
2010-06-02,134.01
2010-06-04,131.25
2010-06-07,129.77
2010-06-08,136.38
2010-06-09,139.3
2010-06-10,136.88
2010-06-11,134.25
2010-06-14,132.41
2010-06-15,131.39
2010-06-16,131.55
2010-06-17,131.23
2010-06-18,132.48
2010-06-21,132.7
2010-06-22,130.92
2010-06-23,130.79
2010-06-24,130.33
2010-06-25,132.35
2010-06-28,135.65
2010-06-29,134.88
2010-06-30,135.57
2010-07-01,135.78
2010-07-02,133.98
2010-07-05,128.07
2010-07-06,127.49
2010-07-07,125.39
2010-07-08,126.02
2010-07-09,123.78
2010-07-12,124.83
2010-07-13,126.01
2010-07-14,127.07
2010-07-15,123.9
2010-07-16,123.32
2010-07-19,120.87
2010-07-20,120.84
2010-07-21,120.76
2010-07-22,122.66
2010-07-23,123.21
2010-07-26,120.13
2010-07-27,119.37
2010-07-28,115.88
2010-07-29,114.41
2010-07-30,114.45
2010-08-02,115.49
2010-08-03,116.52
2010-08-04,115.09
2010-08-05,117.44
2010-08-06,116.05
2010-08-09,117.45
2010-08-10,116.03
2010-08-11,115.58
2010-08-12,118.63
2010-08-13,121.74
2010-08-16,121.23
2010-08-17,123.12
2010-08-18,121.45
2010-08-19,120.27
2010-08-20,122.34
2010-08-23,122.39
2010-08-24,123.6
2010-08-25,124.69
2010-08-26,125.31
2010-08-27,125.08
2010-08-30,124.31
2010-08-31,124
2010-09-01,126.52
2010-09-02,125.39
2010-09-03,124.24
2010-09-06,123.21
2010-09-07,122.29
2010-09-08,125.04
2010-09-09,125.77
2010-09-10,125.05
2010-09-13,123.71
2010-09-14,122.95
2010-09-15,124.66
2010-09-16,123.63
2010-09-17,123.27
2010-09-20,123.2
2010-09-21,124.03
2010-09-22,123.19
2010-09-23,123.26
2010-09-24,123.89
2010-09-27,123.87
2010-09-28,122.7
2010-09-29,123.32
2010-09-30,122.87
2010-10-01,122.91
2010-10-04,121.76
2010-10-05,122.14
2010-10-06,123.37
2010-10-07,123.04
2010-10-08,122.81
2010-10-11,123.61
2010-10-12,123.94
2010-10-13,124.89
2010-10-14,124.36
2010-10-15,122.28
2010-10-18,121.87
2010-10-19,124.39
2010-10-20,121.69
2010-10-21,123.61
2010-10-22,121.79
2010-10-25,121.68
2010-10-26,120.91
2010-10-27,120.58
2010-10-28,121.64
2010-10-29,123.16
2010-11-02,125.74
2010-11-03,122.92
2010-11-04,121.17
2010-11-05,121.87
2010-11-08,124.06
2010-11-09,125.79
2010-11-10,129.2
2010-11-12,126.88
2010-11-15,128.85
2010-11-16,127.23
2010-11-17,125.5
2010-11-18,125.63
2010-11-19,125.33
2010-11-22,124.08
2010-11-23,124.69
2010-11-24,128.53
2010-11-25,131.54
2010-11-26,131.92
2010-11-29,132.26
2010-11-30,132.81
2010-12-01,139.26
2010-12-02,137
2010-12-03,135.24
2010-12-06,136.14
2010-12-07,136.76
2010-12-08,136.74
2010-12-09,136.14
2010-12-10,136.46
2010-12-13,134.69
2010-12-14,136.94
2010-12-15,133.18
2010-12-16,133.85
2010-12-17,132.01
2010-12-20,131.3
2010-12-21,134.87
2010-12-22,135.06
2010-12-23,135.21
2010-12-24,133.91
2010-12-27,134.01
2010-12-28,134.09
2010-12-29,133.64
2010-12-30,137.97
2010-12-31,135.48
2011-01-03,134.39
2011-01-04,135.21
2011-01-05,131.31
2011-01-07,129.69
2011-01-10,131.05
2011-01-11,133.15
2011-01-12,132.83
2011-01-13,130.62
2011-01-14,130.39
2011-01-17,127.67
2011-01-18,127.64
2011-01-19,127.02
2011-01-20,127.39
2011-01-21,124.83
2011-01-24,124.33
2011-01-25,123.33
2011-01-26,121.57
2011-01-27,120.76
2011-01-28,122.33
2011-01-31,120.87
2011-02-01,123.05
2011-02-02,121.87
2011-02-03,121.36
2011-02-04,121.37
2011-02-07,124.87
2011-02-08,123.19
2011-02-09,124.82
2011-02-10,125.44
2011-02-11,125.29
2011-02-14,127.67
2011-02-15,128.24
2011-02-16,128.71
2011-02-17,127.26
2011-02-18,127.65
2011-02-21,128.12
2011-02-22,129.71
2011-02-23,131.51
2011-02-24,130.8
2011-02-25,131.33
2011-02-28,129.72
2011-03-01,130.51
2011-03-02,130.84
2011-03-03,133.11
2011-03-04,131.18
2011-03-07,131.43
2011-03-08,131.14
2011-03-09,130.93
2011-03-10,131.79
2011-03-11,131.09
2011-03-14,132.56
2011-03-15,131.82
2011-03-16,131.87
2011-03-17,130.97
2011-03-18,131.22
2011-03-21,131.7
2011-03-22,131.62
2011-03-23,130.02
2011-03-24,131.65
2011-03-25,132.66
2011-03-28,131.24
2011-03-29,129.53
2011-03-30,128.63
2011-03-31,129.59
2011-04-01,130.62
2011-04-04,129.73
2011-04-05,131.04
2011-04-06,130.84
2011-04-07,131.51
2011-04-08,130.73
2011-04-11,129.89
2011-04-12,129.8
2011-04-13,128.31
2011-04-14,128.49
2011-04-15,128.65
2011-04-18,129.59
2011-04-19,132.52
2011-04-20,133.8
2011-04-21,132.03
2011-04-22,131.46
2011-04-26,131.22
2011-04-27,129.88
2011-04-28,130.38
2011-04-29,130.85
2011-05-02,130.84
2011-05-04,131.43
2011-05-05,131.3
2011-05-06,128.53
2011-05-09,130.32
2011-05-10,131.3
2011-05-11,133.14
2011-05-12,131.87
2011-05-13,132.05
2011-05-16,132.26
2011-05-17,134.22
2011-05-18,131.72
2011-05-19,132.31
2011-05-20,132.34
2011-05-23,131.22
2011-05-24,136.91
2011-05-25,137.57
2011-05-26,137.89
2011-05-27,136.86
2011-05-30,138.03
2011-05-31,137.08
2011-06-01,135.69
2011-06-02,135.5
2011-06-03,136.51
2011-06-06,135.24
2011-06-07,134.81
2011-06-08,133.57
2011-06-09,133.21
2011-06-10,133.69
2011-06-13,133.82
2011-06-14,134.58
2011-06-15,132.59
2011-06-16,135.24
2011-06-17,137.45
2011-06-20,138.78
2011-06-21,139.28
2011-06-22,137.96
2011-06-24,135.46
2011-06-27,135.94
2011-06-28,135.82
2011-06-29,135.2
2011-06-30,134.81
2011-07-01,133.18
2011-07-04,130.04
2011-07-05,130.54
2011-07-06,132.38
2011-07-07,135.18
2011-07-08,135.53
2011-07-11,136.31
2011-07-12,140.64
2011-07-13,144.76
2011-07-14,145.5
2011-07-15,144.77
2011-07-18,145.64
2011-07-19,147.82
2011-07-20,146.03
2011-07-21,143.88
2011-07-22,144.45
2011-07-25,142.17
2011-07-26,144.63
2011-07-27,143.39
2011-07-28,144.44
2011-07-29,144.64
2011-08-01,147.18
2011-08-02,144.45
2011-08-03,149.19
2011-08-04,151.63
2011-08-05,152.48
2011-08-08,152.37
2011-08-09,153.97
2011-08-10,160.91
2011-08-11,162.28
2011-08-12,165.19
2011-08-16,163.18
2011-08-17,165.71
2011-08-18,165.66
2011-08-19,168.43
2011-08-22,173.92
2011-08-23,174.7
2011-08-24,173.2
2011-08-25,164.03
2011-08-26,159.95
2011-08-29,165.78
2011-08-30,164.75
2011-08-31,168.73
2011-09-01,167.32
2011-09-02,169.77
2011-09-05,176.51
2011-09-06,181.25
2011-09-07,180.95
2011-09-08,174.23
2011-09-09,178.82
2011-09-12,185.36
2011-09-13,187.41
2011-09-14,187.47
2011-09-15,185.57
2011-09-16,182.51
2011-09-19,181.73
2011-09-20,183.81
2011-09-21,185.48
2011-09-22,185.19
2011-09-23,182.23
2011-09-26,180.12
2011-09-27,168.35
2011-09-28,173.69
2011-09-29,171.47
2011-09-30,168.29
2011-10-03,169.68
2011-10-04,177.07
2011-10-05,175.55
2011-10-06,171.39
2011-10-07,172.07
2011-10-10,173.1
2011-10-11,170.16
2011-10-12,170.76
2011-10-13,169.55
2011-10-14,167.22
2011-10-17,167.82
2011-10-18,166.34
2011-10-19,166.7
2011-10-20,166.55
2011-10-21,165.54
2011-10-24,168.83
2011-10-25,168.39
2011-10-26,167.41
2011-10-27,173.68
2011-10-28,171.7
2011-10-31,170.52
2011-11-02,169.45
2011-11-03,179.85
2011-11-04,179.73
2011-11-07,176.48
2011-11-08,182.83
2011-11-09,182.83
2011-11-10,183.12
2011-11-14,183.61
2011-11-15,183.47
2011-11-16,186.67
2011-11-17,184.18
2011-11-18,184.67
2011-11-21,180.83
2011-11-22,180.49
2011-11-23,179.59
2011-11-24,179.4
2011-11-25,182.23
2011-11-28,184.59
2011-11-29,185.75
2011-11-30,187.26
2011-12-01,192.27
2011-12-02,188.14
2011-12-05,186.68
2011-12-06,186.58
2011-12-07,183.56
2011-12-08,185.87
2011-12-09,183.94
2011-12-12,186.14
2011-12-13,182.01
2011-12-14,185.97
2011-12-15,180.27
2011-12-16,177.47
2011-12-19,177.25
2011-12-20,177.11
2011-12-21,177.16
2011-12-22,174.71
2011-12-23,175.26
2011-12-27,175.61
2011-12-28,174.62
2011-12-29,169.75
2011-12-30,167.97
2012-01-02,172.99
2012-01-03,174.41
2012-01-04,176.12
2012-01-05,177.98
2012-01-09,182.32
2012-01-10,182.5
2012-01-11,184.64
2012-01-12,183.5
2012-01-13,186.61
2012-01-16,180.47
2012-01-17,183.59
2012-01-18,182.16
2012-01-19,180.03
2012-01-20,179.2
2012-01-23,178.25
2012-01-24,179.67
2012-01-25,176.55
2012-01-26,175.01
2012-01-27,178.99
2012-01-30,178.47
2012-01-31,180.3
2012-02-01,179.6
2012-02-02,178.52
2012-02-03,179.91
2012-02-06,177.55
2012-02-07,177.33
2012-02-08,176.3
2012-02-09,176.62
2012-02-10,176.96
2012-02-13,174.46
2012-02-14,174.99
2012-02-15,176.05
2012-02-16,176.41
2012-02-17,179.02
2012-02-20,176.12
2012-02-21,176.06
2012-02-22,176.96
2012-02-23,178.2
2012-02-24,179.27
2012-02-27,177.75
2012-02-28,177.61
2012-02-29,177.37
2012-03-01,174.88
2012-03-02,170.22
2012-03-05,170.25
2012-03-06,171.89
2012-03-07,169.33
2012-03-08,170.59
2012-03-09,169.65
2012-03-12,168.89
2012-03-13,170.75
2012-03-14,170.02
2012-03-15,167.56
2012-03-16,168.1
2012-03-19,168.93
2012-03-20,167.53
2012-03-21,166.67
2012-03-22,165.31
2012-03-23,166.57
2012-03-26,168.08
2012-03-27,169.34
2012-03-28,168.31
2012-03-29,167.6
2012-03-30,166.45
2012-04-02,166.72
2012-04-03,167.27
2012-04-04,167.01
2012-04-05,164.19
2012-04-06,166.12
2012-04-10,166.83
2012-04-11,168.64
2012-04-12,170.77
2012-04-13,170.67
2012-04-16,170.2
2012-04-17,171.62
2012-04-18,167.58
2012-04-19,168.63
2012-04-20,169.12
2012-04-23,167.99
2012-04-24,167.44
2012-04-25,169.41
2012-04-26,166.8
2012-04-27,167.98
2012-04-30,169.35
2012-05-02,168.57
2012-05-04,166.37
2012-05-07,168.54
2012-05-08,170.59
2012-05-09,166.09
2012-05-10,164.91
2012-05-11,168.23
2012-05-14,166.77
2012-05-15,167.48
2012-05-16,168.03
2012-05-17,171.04
2012-05-18,170.83
2012-05-21,175.94
2012-05-22,173.71
2012-05-23,172.03
2012-05-24,171.61
2012-05-25,175.39
2012-05-28,174.54
2012-05-29,174.85
2012-05-30,176.08
2012-05-31,173.97
2012-06-01,177.18
2012-06-04,184.72
2012-06-05,182.93
2012-06-06,182.56
2012-06-08,179.17
2012-06-11,175.22
2012-06-12,173.53
2012-06-13,178.12
2012-06-14,180.12
2012-06-15,178.57
2012-06-18,177.74
2012-06-19,175.25
2012-06-20,177.25
2012-06-21,172.28
2012-06-22,170.98
2012-06-25,171.25
2012-06-26,172.16
2012-06-27,172.72
2012-06-28,172.08
2012-06-29,172.42
2012-07-02,174.14
2012-07-03,171.23
2012-07-04,173.82
2012-07-05,173.36
2012-07-06,174.01
2012-07-09,173.76
2012-07-10,176.01
2012-07-11,175.13
2012-07-12,172.42
2012-07-13,172.05
2012-07-16,176.8
2012-07-17,175.58
2012-07-18,173.16
2012-07-19,171.96
2012-07-20,172.65
2012-07-23,172.11
2012-07-24,174.54
2012-07-25,176.51
2012-07-26,178.7
2012-07-27,179.59
2012-07-30,176.09
2012-07-31,175.69
2012-08-01,174.74
2012-08-02,171.81
2012-08-03,171.83
2012-08-06,172.81
2012-08-07,169.52
2012-08-08,168.9
2012-08-09,171.38
2012-08-10,170.89
2012-08-13,172.75
2012-08-14,173.21
2012-08-16,170.25
2012-08-17,171.55
2012-08-20,170.74
2012-08-21,171.05
2012-08-22,172.84
2012-08-23,172.3
2012-08-24,173.94
2012-08-27,175.16
2012-08-28,174.58
2012-08-29,175.29
2012-08-30,176.55
2012-08-31,178.31
2012-09-03,176.77
2012-09-04,181.62
2012-09-05,181.58
2012-09-06,183.09
2012-09-07,180.23
2012-09-10,181
2012-09-11,179.26
2012-09-12,179.24
2012-09-13,176.93
2012-09-14,177.51
2012-09-17,177.7
2012-09-18,177.6
2012-09-19,179.25
2012-09-20,179.66
2012-09-21,181.45
2012-09-24,181.93
2012-09-25,182.36
2012-09-26,183.05
2012-09-27,180.57
2012-09-28,182.71
2012-10-01,181.46
2012-10-02,182.74
2012-10-03,181.7
2012-10-04,182.06
2012-10-05,182.31
2012-10-08,179.84
2012-10-09,179.21
2012-10-10,179.68
2012-10-11,179.49
2012-10-12,180.99
2012-10-15,179.36
2012-10-16,176.16
2012-10-17,176.52
2012-10-18,175.78
2012-10-19,175.48
2012-10-22,175.92
2012-10-23,174.72
2012-10-24,174.17
2012-10-25,175.56
2012-10-26,175.69
2012-10-29,177.2
2012-10-30,176.41
2012-10-31,176.13
2012-11-02,175.51
2012-11-05,173.15
2012-11-06,174.36
2012-11-07,175.2
2012-11-08,176.65
2012-11-09,180.26
2012-11-12,182.13
2012-11-13,183.01
2012-11-14,182.84
2012-11-15,181.73
2012-11-16,179.66
2012-11-19,180.05
2012-11-20,180.85
2012-11-21,180.06
2012-11-22,178.97
2012-11-23,178.2
2012-11-26,178.16
2012-11-27,178.66
2012-11-28,177.59
2012-11-29,174.61
2012-11-30,175.01
2012-12-03,175.27
2012-12-04,174.18
2012-12-05,172.34
2012-12-06,171.64
2012-12-07,171.79
2012-12-10,174.69
2012-12-11,176.07
2012-12-12,173.98
2012-12-13,173.59
2012-12-14,170.51
2012-12-17,170.55
2012-12-18,169.2
2012-12-19,169.07
2012-12-20,164.28
2012-12-21,163.29
2012-12-24,163.5
2012-12-27,164.63
2012-12-28,164.03
2012-12-31,164.63
2013-01-02,165.83
