date,XAU
2002-07-01,41.39
2002-07-02,40.65
2002-07-03,40.47
2002-07-04,41.09
2002-07-05,41.08
2002-07-08,41.61
2002-07-09,41.48
2002-07-10,42.64
2002-07-11,42.25
2002-07-12,42.11
2002-07-15,42.5
2002-07-16,42.78
2002-07-17,42.63
2002-07-18,41.77
2002-07-19,41.69
2002-07-22,41.97
2002-07-23,41.73
2002-07-24,41.98
2002-07-25,41.2
2002-07-26,40.51
2002-07-29,40.11
2002-07-30,40.11
2002-07-31,40.71
2002-08-01,40.81
2002-08-02,40.61
2002-08-05,41.31
2002-08-06,41.49
2002-08-07,41.18
2002-08-08,42.21
2002-08-09,41.96
2002-08-12,42.19
2002-08-13,42.61
2002-08-14,42.18
2002-08-16,41.82
2002-08-19,42.21
2002-08-20,41.56
2002-08-21,41.09
2002-08-22,40.79
2002-08-23,41.16
2002-08-26,41.29
2002-08-27,41.17
2002-08-28,41.56
2002-08-29,41.71
2002-08-30,41.6
2002-09-02,41.67
2002-09-03,41.4
2002-09-04,41.6
2002-09-05,41.38
2002-09-06,42.28
2002-09-09,42.75
2002-09-10,43.24
2002-09-11,42.64
2002-09-12,42.14
2002-09-13,42.63
2002-09-16,42.65
2002-09-17,42.54
2002-09-18,42.56
2002-09-19,42.77
2002-09-20,42.87
2002-09-23,42.76
2002-09-24,42.84
2002-09-25,43.57
2002-09-26,43.19
2002-09-27,42.49
2002-09-30,42.68
2002-10-01,43.18
2002-10-02,42.84
2002-10-03,42.93
2002-10-04,42.95
2002-10-07,42.7
2002-10-08,43.04
2002-10-09,42.74
2002-10-10,42.83
2002-10-11,42.4
2002-10-14,42
2002-10-15,42.08
2002-10-16,41.94
2002-10-17,41.79
2002-10-18,41.6
2002-10-21,41.95
2002-10-22,41.62
2002-10-23,41.49
2002-10-24,41.25
2002-10-25,41.02
2002-10-28,41
2002-10-29,41.02
2002-10-30,41.31
2002-10-31,41.23
2002-11-04,41.33
2002-11-05,40.8
2002-11-06,40.73
2002-11-07,40.61
2002-11-08,40.53
2002-11-12,40.54
2002-11-13,40.51
2002-11-14,40.87
2002-11-15,40.34
2002-11-18,40.34
2002-11-19,40.14
2002-11-20,39.88
2002-11-21,40.19
2002-11-22,40.26
2002-11-25,40.14
2002-11-26,40.27
2002-11-27,40.71
2002-11-28,40.64
2002-11-29,40.7
2002-12-02,41.12
2002-12-03,40.68
2002-12-04,40.9
2002-12-05,41.25
2002-12-06,41.36
2002-12-09,41.77
2002-12-10,41.37
2002-12-11,40.9
2002-12-12,41.09
2002-12-13,41.05
2002-12-16,41.51
2002-12-17,41.57
2002-12-18,42.24
2002-12-19,42.41
2002-12-20,43.15
2002-12-23,42.67
2002-12-24,42.74
2002-12-27,42.96
2002-12-30,43.25
2002-12-31,42.82
2003-01-02,42.3
2003-01-03,42.3
2003-01-06,42.55
2003-01-07,43.21
2003-01-08,43.01
2003-01-09,43.19
2003-01-10,43.37
2003-01-13,43.37
2003-01-14,43.15
2003-01-15,43.24
2003-01-16,43.07
2003-01-17,42.96
2003-01-20,43.73
2003-01-21,43.64
2003-01-22,43.47
2003-01-23,44.6
2003-01-24,46.24
2003-01-27,45.54
2003-01-28,45.6
2003-01-29,45.57
2003-01-30,45.22
2003-01-31,44.91
2003-02-03,45.12
2003-02-04,45.53
2003-02-05,46.54
2003-02-06,46.9
2003-02-07,46.6
2003-02-10,45.6
2003-02-11,45.95
2003-02-12,45.29
2003-02-13,44.12
2003-02-14,43.71
2003-02-17,43.92
2003-02-18,43.22
2003-02-19,42.73
2003-02-20,43.04
2003-02-21,43.94
2003-02-24,45.85
2003-02-25,44.43
2003-02-26,45.89
2003-02-27,43.94
2003-02-28,43.89
2003-03-03,46.26
2003-03-04,43.98
2003-03-05,44.89
2003-03-06,44.74
2003-03-07,44.57
2003-03-10,43.95
2003-03-11,44.84
2003-03-12,44.31
2003-03-13,44.12
2003-03-14,43.31
2003-03-17,43.11
2003-03-18,44.13
2003-03-19,44.27
2003-03-20,43.95
2003-03-21,43.88
2003-03-24,43.63
2003-03-25,43.15
2003-03-26,43.34
2003-03-27,43.11
2003-03-28,43.41
2003-03-31,43.3
2003-04-01,43.63
2003-04-02,43.88
2003-04-03,43.15
2003-04-04,42.26
2003-04-07,42.36
2003-04-08,42.1
2003-04-09,42.18
2003-04-10,41.27
2003-04-11,41.28
2003-04-14,41.46
2003-04-15,41.34
2003-04-16,41.28
2003-04-17,41.24
2003-04-18,41.18
2003-04-22,41.14
2003-04-23,42.09
2003-04-24,41.69
2003-04-25,41.81
2003-04-28,41.66
2003-04-29,41.46
2003-04-30,41.48
2003-05-05,41.63
2003-05-06,41.47
2003-05-07,41.44
2003-05-08,41.63
2003-05-09,42.17
2003-05-12,42.14
2003-05-13,42.27
2003-05-14,42.37
2003-05-15,42.72
2003-05-16,43
2003-05-19,43.09
2003-05-20,42.8
2003-05-21,43.81
2003-05-22,44.23
2003-05-23,43.84
2003-05-26,43.97
2003-05-27,43.82
2003-05-28,43.83
2003-05-29,42.75
2003-05-30,43.71
2003-06-02,43.12
2003-06-03,44
2003-06-04,44.02
2003-06-05,44.34
2003-06-06,45.06
2003-06-09,43.69
2003-06-10,43.66
2003-06-11,43.15
2003-06-12,43.13
2003-06-13,42.84
2003-06-16,42.79
2003-06-17,42.87
2003-06-18,43.43
2003-06-20,42.85
2003-06-23,43.64
2003-06-24,43.81
2003-06-25,43.37
2003-06-26,43.4
2003-06-27,43.01
2003-06-30,43.7
2003-07-01,43.33
2003-07-02,43.38
2003-07-03,43.35
2003-07-04,43.49
2003-07-07,43.92
2003-07-08,43.54
2003-07-09,43.86
2003-07-10,43.47
2003-07-11,43.4
2003-07-14,43.4
2003-07-15,44.05
2003-07-16,44.12
2003-07-17,43.91
2003-07-18,44.03
2003-07-21,44.2
2003-07-22,44.58
2003-07-23,44.33
2003-07-24,44.72
2003-07-25,44.21
2003-07-28,44.9
2003-07-29,45.17
2003-07-30,44.79
2003-07-31,43.99
2003-08-01,44.18
2003-08-04,44.21
2003-08-05,43.27
2003-08-06,43.03
2003-08-07,43.48
2003-08-08,43.54
2003-08-11,43.8
2003-08-12,44.7
2003-08-13,44.56
2003-08-14,44.82
2003-08-18,45.25
2003-08-19,45.08
2003-08-20,45.6
2003-08-21,45.97
2003-08-22,46.2
2003-08-25,46.09
2003-08-26,46.13
2003-08-27,46.59
2003-08-28,47.85
2003-08-29,47.57
2003-09-01,48.25
2003-09-02,48.03
2003-09-03,48.1
2003-09-04,48.07
2003-09-05,47.99
2003-09-08,48.66
2003-09-09,48.25
2003-09-10,49
2003-09-11,48.49
2003-09-12,47.76
2003-09-15,48.27
2003-09-16,47.32
2003-09-17,47.91
2003-09-18,48.64
2003-09-19,48.88
2003-09-22,48.76
2003-09-23,48.76
2003-09-24,48.41
2003-09-25,48.46
2003-09-26,49.31
2003-09-29,48.72
2003-09-30,49.02
2003-10-01,49.63
2003-10-02,48.26
2003-10-03,47.9
2003-10-06,47.98
2003-10-07,46.77
2003-10-08,46.81
2003-10-09,46.48
2003-10-10,45.41
2003-10-13,46.3
2003-10-14,45.93
2003-10-15,46.79
2003-10-16,46.85
2003-10-17,47.66
2003-10-20,47.26
2003-10-21,47.49
2003-10-22,47.95
2003-10-23,48.81
2003-10-24,48.66
2003-10-27,49.23
2003-10-28,49.16
2003-10-29,49.12
2003-10-30,49.24
2003-10-31,49.58
2003-11-03,49.97
2003-11-04,49.52
2003-11-05,49.05
2003-11-06,48.69
2003-11-07,49.21
2003-11-12,49.76
2003-11-13,49.65
2003-11-14,49.82
2003-11-17,49.49
2003-11-18,49
2003-11-19,49.33
2003-11-20,49.14
2003-11-21,49.18
2003-11-24,49.77
2003-11-25,49.6
2003-11-26,49.71
2003-11-27,50.09
2003-11-28,49.79
2003-12-01,50.41
2003-12-02,49.86
2003-12-03,50.35
2003-12-04,49.77
2003-12-05,49.63
2003-12-08,49.65
2003-12-09,49.87
2003-12-10,49.93
2003-12-11,50.26
2003-12-12,49.66
2003-12-15,49.79
2003-12-16,49.87
2003-12-17,49.24
2003-12-18,49.29
2003-12-19,49.08
2003-12-22,49.26
2003-12-23,49.33
2003-12-24,49.24
2003-12-29,49.39
2003-12-30,49.6
2003-12-31,50.31
2004-01-02,50.2
2004-01-05,49.83
2004-01-06,50.13
2004-01-07,50.07
2004-01-08,50.09
2004-01-09,50.2
2004-01-12,50.15
2004-01-13,49.84
2004-01-14,50.44
2004-01-15,50.4
2004-01-16,49.64
2004-01-19,49.66
2004-01-20,49.88
2004-01-21,49.94
2004-01-22,48.91
2004-01-23,48.74
2004-01-26,48.35
2004-01-27,49.07
2004-01-28,49.43
2004-01-29,49.61
2004-01-30,49.42
2004-02-02,49.44
2004-02-03,49.09
2004-02-04,49.51
2004-02-05,48.91
2004-02-06,49.27
2004-02-09,50.29
2004-02-10,49.63
2004-02-11,49.63
2004-02-12,49.96
2004-02-13,50.05
2004-02-16,50.74
2004-02-17,50.37
2004-02-18,50.51
2004-02-19,50.49
2004-02-20,50.71
2004-02-23,50.56
2004-02-24,50.1
2004-02-25,50.09
2004-02-26,49.63
2004-02-27,49.11
2004-03-01,50.05
2004-03-02,50.61
2004-03-03,49.92
2004-03-04,50.02
2004-03-05,49.86
2004-03-08,50.79
2004-03-09,50
2004-03-10,49.91
2004-03-11,49.79
2004-03-12,50.13
2004-03-15,49.77
2004-03-16,49.34
2004-03-17,49.55
2004-03-18,49.97
2004-03-19,51.02
2004-03-22,50.83
2004-03-23,51.62
2004-03-24,51.01
2004-03-25,51.09
2004-03-26,51.94
2004-03-29,53.22
2004-03-30,52.91
2004-03-31,52.43
2004-04-01,52.86
2004-04-02,53.01
2004-04-05,51.92
2004-04-06,52.34
2004-04-07,52.82
2004-04-08,52.6
2004-04-09,52.52
2004-04-13,52.71
2004-04-14,51.7
2004-04-15,50.89
2004-04-16,51.57
2004-04-19,51.54
2004-04-20,51.33
2004-04-21,51.03
2004-04-22,50.65
2004-04-23,50.63
2004-04-26,50.8
2004-04-27,51.38
2004-04-28,51.19
2004-04-29,50.58
2004-04-30,50.35
2004-05-04,50.28
2004-05-05,49.98
2004-05-06,49.31
2004-05-07,48.9
2004-05-10,48.2
2004-05-11,48.43
2004-05-12,48.34
2004-05-13,49.22
2004-05-14,48.6
2004-05-17,48.81
2004-05-18,48.94
2004-05-19,48.06
2004-05-20,48.03
2004-05-21,47.98
2004-05-24,48.44
2004-05-25,48.22
2004-05-26,48.1
2004-05-27,48.26
2004-05-28,48.45
2004-05-31,48.05
2004-06-01,48.09
2004-06-02,48.47
2004-06-03,48.19
2004-06-04,47.81
2004-06-07,47.54
2004-06-08,47.84
2004-06-09,47.08
2004-06-14,47.3
2004-06-15,47.14
2004-06-16,47.14
2004-06-17,46.77
2004-06-18,47.18
2004-06-21,48.4
2004-06-22,48.12
2004-06-23,48.4
2004-06-24,48.33
2004-06-25,48.33
2004-06-28,48.62
2004-06-29,48.53
2004-06-30,47.45
2004-07-01,47.7
2004-07-02,47.03
2004-07-05,47.54
2004-07-06,47.07
2004-07-07,46.74
2004-07-08,47.02
2004-07-09,47.79
2004-07-12,47.9
2004-07-13,47.39
2004-07-14,46.56
2004-07-15,46.86
2004-07-16,46.5
2004-07-19,46.81
2004-07-20,46.45
2004-07-21,46.17
2004-07-22,46.35
2004-07-23,46.55
2004-07-26,45.73
2004-07-27,45.89
2004-07-28,45.71
2004-07-29,45.71
2004-07-30,45.65
2004-08-02,45.66
2004-08-03,45.69
2004-08-04,46.22
2004-08-05,46.54
2004-08-06,45.96
2004-08-09,46.75
2004-08-10,45.76
2004-08-11,45.87
2004-08-12,45.97
2004-08-13,45.59
2004-08-16,46.64
2004-08-17,46.5
2004-08-18,47.29
2004-08-19,46.65
2004-08-20,47.29
2004-08-23,47.74
2004-08-24,47.96
2004-08-25,47.65
2004-08-26,47.89
2004-08-27,48.17
2004-08-30,48.24
2004-08-31,48.11
2004-09-01,48.19
2004-09-02,47.92
2004-09-03,47.57
2004-09-06,46.91
2004-09-07,47.22
2004-09-08,46.32
2004-09-09,46.36
2004-09-10,46.16
2004-09-13,46.46
2004-09-14,46.08
2004-09-15,46.65
2004-09-16,46.19
2004-09-17,46.38
2004-09-20,46.52
2004-09-21,46.17
2004-09-22,46.41
2004-09-23,45.88
2004-09-24,46.78
2004-09-27,46.44
2004-09-28,46.68
2004-09-29,46.98
2004-09-30,46.91
2004-10-01,47.52
2004-10-04,47.38
2004-10-05,46.53
2004-10-06,47.02
2004-10-07,47.19
2004-10-08,47.34
2004-10-11,47.69
2004-10-12,47.18
2004-10-13,46.46
2004-10-14,46.2
2004-10-15,46.37
2004-10-18,47.02
2004-10-19,46.32
2004-10-20,46.36
2004-10-21,46.54
2004-10-22,46.39
2004-10-25,46.28
2004-10-26,46.51
2004-10-27,46.82
2004-10-28,46.94
2004-10-29,46.54
2004-11-02,46.83
2004-11-03,46.27
2004-11-04,46.21
2004-11-05,46.55
2004-11-08,46.29
2004-11-09,45.85
2004-11-10,46.06
2004-11-15,46.53
2004-11-16,46.39
2004-11-17,46.42
2004-11-18,46.71
2004-11-19,46.21
2004-11-22,46.98
2004-11-23,46.69
2004-11-24,46.73
2004-11-25,46.19
2004-11-26,46.41
2004-11-29,46.27
2004-11-30,46.21
2004-12-01,46.35
2004-12-02,45.83
2004-12-03,45.55
2004-12-06,45.37
2004-12-07,45.22
2004-12-08,45.18
2004-12-09,44.11
2004-12-10,44.07
2004-12-13,44.66
2004-12-14,44.2
2004-12-15,44.22
2004-12-16,44.11
2004-12-17,43.86
2004-12-20,44.08
2004-12-21,43.89
2004-12-22,43.53
2004-12-23,43.43
2004-12-24,43.04
2004-12-27,42.86
2004-12-28,42.91
2004-12-29,42.26
2004-12-30,42.14
2004-12-31,41.96
2005-01-03,42.1
2005-01-04,42.41
2005-01-05,41.81
2005-01-06,42.68
2005-01-07,42.66
2005-01-10,42.12
2005-01-11,41.97
2005-01-12,41.96
2005-01-13,42.64
2005-01-14,42.1
2005-01-17,42.16
2005-01-18,42.22
2005-01-19,42.49
2005-01-20,42.65
2005-01-21,43.03
2005-01-24,42.8
2005-01-25,42.78
2005-01-26,42.47
2005-01-27,42.86
2005-01-28,42.44
2005-01-31,42.76
2005-02-01,42.34
2005-02-02,42.06
2005-02-03,42.76
2005-02-04,41
2005-02-07,41.1
2005-02-08,41.05
2005-02-09,41.1
2005-02-10,41.41
2005-02-11,41.78
2005-02-14,42.24
2005-02-15,42.23
2005-02-16,41.87
2005-02-17,41.56
2005-02-18,41.95
2005-02-21,41.97
2005-02-22,41.9
2005-02-23,41.91
2005-02-24,41.67
2005-02-25,41.51
2005-02-28,41.36
2005-03-01,41.3
2005-03-02,41.21
2005-03-03,41.42
2005-03-04,41.26
2005-03-07,41.74
2005-03-08,40.87
2005-03-09,41.27
2005-03-10,41.07
2005-03-11,41.87
2005-03-14,42.09
2005-03-15,42.19
2005-03-16,42.47
2005-03-17,43.37
2005-03-18,43.4
2005-03-21,42.85
2005-03-22,42.9
2005-03-23,43.15
2005-03-24,43.37
2005-03-25,43.41
2005-03-29,43.46
2005-03-30,44.14
2005-03-31,43.59
2005-04-01,43.31
2005-04-04,43.22
2005-04-05,43.55
2005-04-06,43.97
2005-04-07,43.63
2005-04-11,43.42
2005-04-12,43.59
2005-04-13,43.25
2005-04-14,43.27
2005-04-15,43.54
2005-04-18,43.91
2005-04-19,43.97
2005-04-20,44.38
2005-04-21,44.58
2005-04-22,44.46
2005-04-25,44.86
2005-04-26,45.09
2005-04-27,45.45
2005-04-28,45.79
2005-04-29,45.73
2005-05-02,46.22
2005-05-04,45.68
2005-05-05,45.1
2005-05-06,44.41
2005-05-09,43.79
2005-05-10,43.96
2005-05-11,44.5
2005-05-12,44.5
2005-05-13,44.35
2005-05-16,44.53
2005-05-17,44.96
2005-05-18,44.98
2005-05-19,44.99
2005-05-20,44.46
2005-05-23,44.24
2005-05-24,44.97
2005-05-25,44.74
2005-05-27,44.72
2005-05-30,44.87
2005-05-31,44.55
2005-06-01,44.34
2005-06-02,45.11
2005-06-03,45.48
2005-06-06,45.72
2005-06-07,45.56
2005-06-08,45.02
2005-06-09,45.07
2005-06-10,44.84
2005-06-13,44.77
2005-06-14,46.17
2005-06-15,45.85
2005-06-16,46.14
2005-06-17,46.51
2005-06-20,47.07
2005-06-21,47.31
2005-06-22,46.88
2005-06-23,46.65
2005-06-24,46.93
2005-06-27,47.29
2005-06-28,46.81
2005-06-29,47.14
2005-06-30,47.16
2005-07-01,47.01
2005-07-04,46.52
2005-07-05,46.23
2005-07-06,45.91
2005-07-07,46.31
2005-07-08,47.15
2005-07-11,46.85
2005-07-12,46.39
2005-07-13,46.2
2005-07-14,46.3
2005-07-15,46.88
2005-07-18,46.19
2005-07-19,46.26
2005-07-20,46.2
2005-07-21,46.46
2005-07-22,46.33
2005-07-25,46.1
2005-07-26,46.6
2005-07-27,46.62
2005-07-28,46.76
2005-07-29,46.46
2005-08-01,46.46
2005-08-02,46.18
2005-08-03,45.98
2005-08-04,46.56
2005-08-05,46.64
2005-08-08,46.38
2005-08-09,46.06
2005-08-10,45.49
2005-08-11,45.71
2005-08-12,46.06
2005-08-16,46.14
2005-08-17,46.59
2005-08-18,46.56
2005-08-19,46.22
2005-08-22,46.77
2005-08-23,46.82
2005-08-24,46.41
2005-08-25,46.6
2005-08-26,46.48
2005-08-29,46.26
2005-08-30,46.38
2005-08-31,45.92
2005-09-01,46.16
2005-09-02,45.46
2005-09-05,45.07
2005-09-06,44.96
2005-09-07,45.27
2005-09-08,44.86
2005-09-09,45.62
2005-09-12,45.89
2005-09-13,46.02
2005-09-14,45.86
2005-09-15,46.29
2005-09-16,46.56
2005-09-19,46.65
2005-09-20,47.89
2005-09-21,47.83
2005-09-22,48.14
2005-09-23,47.93
2005-09-26,47.94
2005-09-27,48.14
2005-09-28,48.23
2005-09-29,48.51
2005-09-30,49.2
2005-10-03,49.58
2005-10-04,49.17
2005-10-05,49.57
2005-10-06,48.96
2005-10-07,49.47
2005-10-10,49.24
2005-10-11,48.65
2005-10-12,49.14
2005-10-13,49.42
2005-10-14,49.17
2005-10-17,49.04
2005-10-18,49.39
2005-10-19,49.31
2005-10-20,48.93
2005-10-21,48.59
2005-10-24,48.24
2005-10-25,49.03
2005-10-26,49.56
2005-10-27,49.54
2005-10-28,50.27
2005-10-31,49.71
2005-11-02,48.84
2005-11-03,48.87
2005-11-04,48.85
2005-11-07,49.31
2005-11-08,49.97
2005-11-09,50.9
2005-11-10,50.49
2005-11-14,51.31
2005-11-15,51.08
2005-11-16,51.44
2005-11-17,51.89
2005-11-18,53.26
2005-11-21,53.19
2005-11-22,52.93
2005-11-23,53.78
2005-11-24,52.53
2005-11-25,52.82
2005-11-28,53.15
2005-11-29,53.31
2005-11-30,52.57
2005-12-01,52.87
2005-12-02,53.62
2005-12-05,53.55
2005-12-06,53.62
2005-12-07,52.77
2005-12-08,54.25
2005-12-09,54.43
2005-12-12,55.46
2005-12-13,55.95
2005-12-14,53.86
2005-12-15,52.19
2005-12-16,52.03
2005-12-19,52.58
2005-12-20,52.7
2005-12-21,51.88
2005-12-22,50.69
2005-12-23,52.09
2005-12-27,52.33
2005-12-28,52.31
2005-12-29,53.72
2005-12-30,53.71
2006-01-02,53.78
2006-01-03,53.73
2006-01-04,55.36
2006-01-05,54.22
2006-01-06,53
2006-01-09,54.22
2006-01-10,54.37
2006-01-11,54.65
2006-01-12,54.87
2006-01-13,54.46
2006-01-16,55.61
2006-01-17,56.57
2006-01-18,56.08
2006-01-19,55.87
2006-01-20,56.68
2006-01-23,58.13
2006-01-24,55.98
2006-01-25,56.15
2006-01-26,55.9
2006-01-27,55.91
2006-01-30,56.67
2006-01-31,57.34
2006-02-01,57.85
2006-02-02,57.38
2006-02-03,58.36
2006-02-06,58.02
2006-02-07,58.33
2006-02-08,57.19
2006-02-09,56.36
2006-02-10,57.44
2006-02-13,56.66
2006-02-14,56.32
2006-02-15,55.29
2006-02-16,55.21
2006-02-17,54.9
2006-02-20,56.18
2006-02-21,56.09
2006-02-22,56.46
2006-02-23,56.88
2006-02-24,56.2
2006-02-27,56.68
2006-02-28,56.58
2006-03-01,56.8
2006-03-02,57.37
2006-03-03,57.25
2006-03-06,57.54
2006-03-07,57.53
2006-03-08,57.51
2006-03-09,56.83
2006-03-10,57.45
2006-03-13,56.15
2006-03-14,57.04
2006-03-15,57.74
2006-03-16,57.74
2006-03-17,57.07
2006-03-20,55.89
2006-03-21,57.02
2006-03-22,56.51
2006-03-23,57.48
2006-03-24,56.7
2006-03-27,58.38
2006-03-28,58.75
2006-03-29,59.64
2006-03-30,59.98
2006-03-31,61.24
2006-04-03,60.79
2006-04-04,61.4
2006-04-05,61.27
2006-04-06,61.14
2006-04-07,61.7
2006-04-10,61.7
2006-04-11,62.71
2006-04-12,62.61
2006-04-13,61.93
2006-04-14,61.93
2006-04-18,61.98
2006-04-19,63.37
2006-04-20,63.42
2006-04-21,63.34
2006-04-24,63.24
2006-04-25,62.47
2006-04-26,63.62
2006-04-27,64.02
2006-04-28,63.76
2006-05-02,63.87
2006-05-04,66.22
2006-05-05,65.83
2006-05-08,65.68
2006-05-09,65.01
2006-05-10,67.01
2006-05-11,67.73
2006-05-12,69.14
2006-05-15,69.96
2006-05-16,67.64
2006-05-17,67.07
2006-05-18,67.56
2006-05-19,68.85
2006-05-22,64.58
2006-05-23,65.09
2006-05-24,66.12
2006-05-25,64.31
2006-05-29,63.28
2006-05-30,63.49
2006-05-31,65.05
2006-06-01,64.38
2006-06-02,61.94
2006-06-05,62.26
2006-06-06,62.88
2006-06-07,61.93
2006-06-08,61.2
2006-06-09,61.54
2006-06-12,59.46
2006-06-13,61.81
2006-06-14,60.37
2006-06-16,58.47
2006-06-19,58.78
2006-06-20,58.94
2006-06-21,58.86
2006-06-22,59.68
2006-06-23,60.48
2006-06-26,61.28
2006-06-27,61.31
2006-06-28,61.16
2006-06-29,60.85
2006-06-30,61.76
2006-07-03,62.74
2006-07-04,63.51
2006-07-05,62.53
2006-07-06,63.15
2006-07-07,64.04
2006-07-10,63.99
2006-07-11,63.65
2006-07-12,64.11
2006-07-13,66.01
2006-07-14,66.58
2006-07-17,67.93
2006-07-18,67.46
2006-07-19,66.75
2006-07-20,66.39
2006-07-21,64.85
2006-07-24,63.57
2006-07-25,61.09
2006-07-26,61.73
2006-07-27,61.58
2006-07-28,63.11
2006-07-31,63.38
2006-08-01,62.71
2006-08-02,63.28
2006-08-03,64.69
2006-08-04,63.61
2006-08-07,64.11
2006-08-08,62.85
2006-08-09,62.62
2006-08-10,62.72
2006-08-11,62.26
2006-08-14,62.68
2006-08-16,61.05
2006-08-17,61.42
2006-08-18,60.39
2006-08-21,59.78
2006-08-22,61.02
2006-08-23,60.78
2006-08-24,61.41
2006-08-25,61.26
2006-08-28,61.49
2006-08-29,61.38
2006-08-30,60.78
2006-08-31,61.14
2006-09-01,61.46
2006-09-04,61.6
2006-09-05,62.24
2006-09-06,63.38
2006-09-07,63.17
2006-09-08,62.33
2006-09-11,61.42
2006-09-12,59.23
2006-09-13,59.48
2006-09-14,59.24
2006-09-15,58.71
2006-09-18,57.51
2006-09-19,58.08
2006-09-20,58.63
2006-09-21,58.09
2006-09-22,57.76
2006-09-25,58.83
2006-09-26,58.4
2006-09-27,59.23
2006-09-28,59.78
2006-09-29,60.72
2006-10-02,60.56
2006-10-03,60.54
2006-10-04,58.16
2006-10-05,57.32
2006-10-06,57.07
2006-10-09,55.95
2006-10-10,57.55
2006-10-11,57.14
2006-10-12,57.4
2006-10-13,57.47
2006-10-16,58.41
2006-10-17,59.29
2006-10-18,58.83
2006-10-19,59.45
2006-10-20,59.42
2006-10-23,58.64
2006-10-24,57.56
2006-10-25,57.13
2006-10-26,57.75
2006-10-27,58.79
2006-10-30,58.65
2006-10-31,59.84
2006-11-02,60.47
2006-11-03,60.38
2006-11-06,60.58
2006-11-07,60.66
2006-11-08,60.36
2006-11-09,59.98
2006-11-10,60.35
2006-11-13,60.37
2006-11-14,59.77
2006-11-15,60.02
2006-11-16,59.01
2006-11-17,59.63
2006-11-20,59.16
2006-11-21,59.6
2006-11-22,59.45
2006-11-23,60.02
2006-11-24,59.67
2006-11-27,60.29
2006-11-28,59.93
2006-11-29,59.75
2006-11-30,59.52
2006-12-01,60.11
2006-12-04,59.87
2006-12-05,59.55
2006-12-06,59.46
2006-12-07,58.65
2006-12-08,57.85
2006-12-11,59.15
2006-12-12,58.29
2006-12-13,58.07
2006-12-14,57.45
2006-12-15,57.96
2006-12-18,57.99
2006-12-19,57.15
2006-12-20,57.65
2006-12-21,57.44
2006-12-22,57.45
2006-12-27,57.61
2006-12-28,58.98
2006-12-29,59.32
2007-01-02,59.49
2007-01-03,59.3
2007-01-04,59.65
2007-01-05,59.27
2007-01-08,58.28
2007-01-09,58.38
2007-01-10,58.11
2007-01-11,58.57
2007-01-12,58.82
2007-01-15,59.88
2007-01-16,60.31
2007-01-17,60.27
2007-01-18,60.65
2007-01-19,61.17
2007-01-22,60.01
2007-01-23,60.86
2007-01-24,61.46
2007-01-25,61.6
2007-01-26,62.67
2007-01-29,62.94
2007-01-30,62.97
2007-01-31,63.04
2007-02-01,63.57
2007-02-02,63.63
2007-02-05,62.29
2007-02-06,62.67
2007-02-07,62.81
2007-02-08,62.52
2007-02-09,62.92
2007-02-12,63.87
2007-02-13,64.3
2007-02-14,64.72
2007-02-15,64.18
2007-02-16,63.43
2007-02-19,63.65
2007-02-20,64.02
2007-02-21,63.11
2007-02-22,63.01
2007-02-23,64.46
2007-02-26,65.05
2007-02-27,65.21
2007-02-28,64.39
2007-03-01,63.41
2007-03-02,63.63
2007-03-05,62.15
2007-03-06,61.04
2007-03-07,61.6
2007-03-08,61.78
2007-03-09,62.17
2007-03-12,61.88
2007-03-13,61.2
2007-03-14,61.76
2007-03-15,61.18
2007-03-16,61.44
2007-03-19,61.59
2007-03-20,61.43
2007-03-21,61.79
2007-03-22,61.72
2007-03-23,61.78
2007-03-26,61.42
2007-03-27,62.19
2007-03-28,61.94
2007-03-29,62.53
2007-03-30,61.78
2007-04-02,61.84
2007-04-03,61.22
2007-04-04,61.55
2007-04-05,62.34
2007-04-06,62.24
2007-04-10,61.98
2007-04-11,62.41
2007-04-12,62.15
2007-04-13,62.04
2007-04-16,62.26
2007-04-17,62.27
2007-04-18,62.47
2007-04-19,62
2007-04-20,61.53
2007-04-23,62.01
2007-04-24,61.7
2007-04-25,61.8
2007-04-26,61
2007-04-27,59.87
2007-04-30,60.48
2007-05-02,60.34
2007-05-04,60.17
2007-05-07,61.17
2007-05-08,61.02
2007-05-09,60.77
2007-05-10,61.02
2007-05-11,59.91
2007-05-14,60.4
2007-05-15,59.85
2007-05-16,59.95
2007-05-17,59.7
2007-05-18,59.13
2007-05-21,59.31
2007-05-22,59.15
2007-05-23,59.63
2007-05-24,60.19
2007-05-25,59.89
2007-05-28,59.77
2007-05-29,59.56
2007-05-30,60.17
2007-05-31,59.72
2007-06-01,60.21
2007-06-04,60.81
2007-06-05,60.88
2007-06-06,60.8
2007-06-08,60.75
2007-06-11,60.68
2007-06-12,60.11
2007-06-13,59.69
2007-06-14,60.28
2007-06-15,60.36
2007-06-18,60.11
2007-06-19,59.82
2007-06-20,59.95
2007-06-21,59.62
2007-06-22,59.25
2007-06-25,59.25
2007-06-26,58.91
2007-06-27,58.66
2007-06-28,58.5
2007-06-29,58.42
2007-07-02,58.52
2007-07-03,58.3
2007-07-04,58.1
2007-07-05,58.09
2007-07-06,57.75
2007-07-09,58.09
2007-07-10,58.51
2007-07-11,58.69
2007-07-12,58.55
2007-07-13,58.44
2007-07-16,58.21
2007-07-17,58.26
2007-07-18,58.34
2007-07-19,58.5
2007-07-20,58.88
2007-07-23,59.67
2007-07-24,59.78
2007-07-25,59.84
2007-07-26,59.75
2007-07-27,59.78
2007-07-30,59.2
2007-07-31,59.21
2007-08-01,59.18
2007-08-02,59.79
2007-08-03,59.52
2007-08-06,59.55
2007-08-07,59.2
2007-08-08,58.96
2007-08-09,59.62
2007-08-10,58.32
2007-08-13,59.31
2007-08-14,59.43
2007-08-16,59.79
2007-08-17,60.69
2007-08-20,60.32
2007-08-21,60.1
2007-08-22,60.35
2007-08-23,60.31
2007-08-24,60.09
2007-08-27,59.98
2007-08-28,59.62
2007-08-29,60.13
2007-08-30,60.47
2007-08-31,60.1
2007-09-03,60.49
2007-09-04,60.5
2007-09-05,61.38
2007-09-06,61.47
2007-09-07,61.85
2007-09-10,62.78
2007-09-11,62.47
2007-09-12,62.29
2007-09-13,61.82
2007-09-14,61.44
2007-09-17,62.77
2007-09-18,63.07
2007-09-19,62.77
2007-09-20,62.96
2007-09-21,63.41
2007-09-24,63.43
2007-09-25,62.61
2007-09-26,62.63
2007-09-27,63.21
2007-09-28,62.89
2007-10-01,63.66
2007-10-02,63.21
2007-10-03,62.38
2007-10-04,62.48
2007-10-05,62.4
2007-10-08,63.23
2007-10-09,62.83
2007-10-10,63.29
2007-10-11,63.16
2007-10-12,63.51
2007-10-15,63.35
2007-10-16,63.77
2007-10-17,63.8
2007-10-18,64.14
2007-10-19,63.92
2007-10-22,63.19
2007-10-23,62.19
2007-10-24,62.73
2007-10-25,62.58
2007-10-26,62.99
2007-10-29,63.19
2007-10-30,63.74
2007-10-31,63.55
2007-11-02,63.92
2007-11-05,64.5
2007-11-06,65.14
2007-11-07,66.15
2007-11-08,66.19
2007-11-09,67.14
2007-11-12,65.81
2007-11-13,64.41
2007-11-14,64.67
2007-11-15,64.75
2007-11-16,63.9
2007-11-19,63.81
2007-11-20,62.74
2007-11-21,63.78
2007-11-22,63.9
2007-11-23,64.2
2007-11-26,65.15
2007-11-27,65.99
2007-11-28,64.85
2007-11-29,64.07
2007-11-30,63.13
2007-12-03,61.94
2007-12-04,62.34
2007-12-05,63.27
2007-12-06,62.47
2007-12-07,63.36
2007-12-10,62.49
2007-12-11,63.46
2007-12-12,63.08
2007-12-13,63.75
2007-12-14,62.74
2007-12-17,62.81
2007-12-18,64.15
2007-12-19,64.99
2007-12-20,64.57
2007-12-21,64.54
2007-12-24,65.59
2007-12-27,65.41
2007-12-28,66.49
2007-12-31,65.86
2008-01-02,65.48
2008-01-03,66.83
2008-01-04,67.78
2008-01-07,67.43
2008-01-08,67.72
2008-01-09,68.69
2008-01-10,68.89
2008-01-11,69.51
2008-01-14,69.39
2008-01-15,69.76
2008-01-16,70.59
2008-01-17,69.44
2008-01-18,70.27
2008-01-21,70.28
2008-01-22,70.34
2008-01-23,71.06
2008-01-24,71
2008-01-25,72.44
2008-01-28,72.45
2008-01-29,73.11
2008-01-30,72.82
2008-01-31,72.41
2008-02-01,72.53
2008-02-04,71.22
2008-02-05,69.21
2008-02-06,69.27
2008-02-07,71.36
2008-02-08,71.08
2008-02-11,73.56
2008-02-12,73.5
2008-02-13,73.39
2008-02-14,71.38
2008-02-15,71.49
2008-02-18,71.75
2008-02-19,71.03
2008-02-20,72.17
2008-02-21,72
2008-02-22,73.69
2008-02-25,72.99
2008-02-26,72.51
2008-02-27,71.66
2008-02-28,72.52
2008-02-29,71.97
2008-03-03,72.31
2008-03-04,74.06
2008-03-05,73.36
2008-03-06,72.86
2008-03-07,72.46
2008-03-10,72.51
2008-03-11,72.33
2008-03-12,71.82
2008-03-13,71.86
2008-03-14,72.75
2008-03-17,73.11
2008-03-18,73.34
2008-03-19,72.64
2008-03-20,69.17
2008-03-21,67.97
2008-03-25,68.1
2008-03-26,67.61
2008-03-27,68.46
2008-03-28,68.05
2008-03-31,67.18
2008-04-01,66.94
2008-04-02,63.9
2008-04-03,63.94
2008-04-04,64.31
2008-04-07,64.55
2008-04-08,65.79
2008-04-09,64.78
2008-04-10,64.85
2008-04-11,64.92
2008-04-14,64.43
2008-04-15,64.73
2008-04-16,64.26
2008-04-17,65.35
2008-04-18,65.41
2008-04-21,62.82
2008-04-22,63.77
2008-04-23,63.28
2008-04-24,61.65
2008-04-25,62.47
2008-04-28,63.18
2008-04-29,62.99
2008-04-30,62.56
2008-05-02,62.35
2008-05-05,61.17
2008-05-06,60.91
2008-05-07,62.81
2008-05-08,61.82
2008-05-09,62.89
2008-05-12,61.97
2008-05-13,62.49
2008-05-14,60.8
2008-05-15,61.32
2008-05-16,62.08
2008-05-19,63.05
2008-05-20,63.11
2008-05-21,63.97
2008-05-23,63.86
2008-05-26,64.63
2008-05-27,64.48
2008-05-28,62.9
2008-05-29,62.71
2008-05-30,61.69
2008-06-02,62.15
2008-06-03,62.12
2008-06-04,61.09
2008-06-05,62.06
2008-06-06,61.71
2008-06-09,62.2
2008-06-10,61.81
2008-06-11,61.41
2008-06-12,61.37
2008-06-13,60.82
2008-06-16,61.35
2008-06-17,62.66
2008-06-18,61.88
2008-06-19,62.21
2008-06-20,63.09
2008-06-23,63.1
2008-06-24,61.42
2008-06-25,61.79
2008-06-26,61.12
2008-06-27,62.63
2008-06-30,63.16
2008-07-01,63.39
2008-07-02,64.18
2008-07-03,63.81
2008-07-04,63.48
2008-07-07,63.47
2008-07-08,62.46
2008-07-09,62.23
2008-07-10,62.47
2008-07-11,62.97
2008-07-14,64.1
2008-07-15,63.89
2008-07-16,64.68
2008-07-17,63.73
2008-07-18,63.11
2008-07-21,62.67
2008-07-22,62.44
2008-07-23,62.55
2008-07-24,61.72
2008-07-25,61.63
2008-07-28,60.44
2008-07-29,60.57
2008-07-30,60.4
2008-07-31,59.28
2008-08-01,60.52
2008-08-04,60.63
2008-08-05,59.99
2008-08-06,58.92
2008-08-07,59.03
2008-08-08,58.77
2008-08-11,58.92
2008-08-12,59.26
2008-08-13,58.04
2008-08-14,57.68
2008-08-18,56.23
2008-08-19,57.92
2008-08-20,57.68
2008-08-21,58.83
2008-08-22,60.11
2008-08-25,58.91
2008-08-26,59.52
2008-08-27,60.29
2008-08-28,60.11
2008-08-29,61.14
2008-09-01,60.77
2008-09-02,60.26
2008-09-03,59.38
2008-09-04,60.34
2008-09-05,60.27
2008-09-08,62.62
2008-09-09,63.19
2008-09-10,61.6
2008-09-11,61.1
2008-09-12,58.37
2008-09-15,57.39
2008-09-16,58.79
2008-09-17,59.55
2008-09-18,61.36
2008-09-19,65.01
2008-09-22,65.33
2008-09-23,64.25
2008-09-24,65
2008-09-25,64.91
2008-09-26,64.75
2008-09-29,66.66
2008-09-30,68.8
2008-10-01,67.43
2008-10-02,67.6
2008-10-03,67.02
2008-10-06,65.69
2008-10-07,71.19
2008-10-08,71.75
2008-10-09,74.51
2008-10-10,70.56
2008-10-13,75.6
2008-10-14,69.58
2008-10-15,68.67
2008-10-16,70.79
2008-10-17,68.07
2008-10-20,66.86
2008-10-21,67.36
2008-10-22,67.51
2008-10-23,68.92
2008-10-24,68.96
2008-10-27,71.72
2008-10-28,72.4
2008-10-29,69.8
2008-10-30,69.88
2008-10-31,66.28
2008-11-03,66.88
2008-11-04,64.96
2008-11-05,66.6
2008-11-06,66.16
2008-11-07,66.89
2008-11-10,67.2
2008-11-12,66.84
2008-11-13,70.05
2008-11-14,68.92
2008-11-17,70.79
2008-11-18,69.45
2008-11-19,72.77
2008-11-20,74.73
2008-11-21,73.2
2008-11-24,75.08
2008-11-25,81.33
2008-11-26,78.85
2008-11-27,76.26
2008-11-28,76.02
2008-12-01,76.46
2008-12-02,75.88
2008-12-03,76.23
2008-12-04,75.07
2008-12-05,76.58
2008-12-08,73.39
2008-12-09,74.1
2008-12-10,75.39
2008-12-11,78.94
2008-12-12,80.51
2008-12-15,78.94
2008-12-16,78.51
2008-12-17,80
2008-12-18,80.97
2008-12-19,78.27
2008-12-22,78.27
2008-12-23,79.39
2008-12-24,79.94
2008-12-29,78.85
2008-12-30,82.9
2008-12-31,81.29
2009-01-02,82.37
2009-01-05,84.11
2009-01-06,82.56
2009-01-07,82.39
2009-01-08,78.69
2009-01-09,81.32
2009-01-12,80.5
2009-01-13,80.26
2009-01-14,82.8
2009-01-15,82.65
2009-01-16,83.61
2009-01-19,84.06
2009-01-20,86.96
2009-01-21,91.56
2009-01-22,91.37
2009-01-23,91.31
2009-01-26,96.81
2009-01-27,99.26
2009-01-28,93.94
2009-01-29,94.95
2009-01-30,96.55
2009-02-02,102.16
2009-02-03,102.81
2009-02-04,102.45
2009-02-05,104.96
2009-02-06,106.82
2009-02-09,104.38
2009-02-10,101.2
2009-02-11,101.36
2009-02-12,105.51
2009-02-13,108.46
2009-02-16,108.13
2009-02-17,113.2
2009-02-18,119
2009-02-19,120.79
2009-02-20,116.47
2009-02-23,120.28
2009-02-24,115.96
2009-02-25,115.81
2009-02-26,114.24
2009-02-27,111.01
2009-03-02,112.52
2009-03-03,113.51
2009-03-04,110.36
2009-03-05,110.72
2009-03-06,109.65
2009-03-09,112.64
2009-03-10,111.25
2009-03-11,108.02
2009-03-12,105.1
2009-03-13,107.41
2009-03-16,103.61
2009-03-17,102.35
2009-03-18,101.16
2009-03-19,99.87
2009-03-20,103.5
2009-03-23,104.1
2009-03-24,102.34
2009-03-25,98.99
2009-03-26,100.91
2009-03-27,101.39
2009-03-30,101.17
2009-03-31,106.76
2009-04-01,104.37
2009-04-02,104.68
2009-04-03,97.56
2009-04-06,96.26
2009-04-07,91.26
2009-04-08,95.7
2009-04-09,96.58
2009-04-10,94.52
2009-04-14,94.06
2009-04-15,94.2
2009-04-16,91.53
2009-04-17,92.37
2009-04-20,91.71
2009-04-21,94.75
2009-04-22,97.7
2009-04-23,97.45
2009-04-24,97.73
2009-04-27,98.66
2009-04-28,100.54
2009-04-29,100.58
2009-04-30,97.27
2009-05-04,93.45
2009-05-05,93.99
2009-05-06,95.24
2009-05-07,96.51
2009-05-08,95.71
2009-05-11,94.53
2009-05-12,94.35
2009-05-13,95.07
2009-05-14,95.3
2009-05-15,97.87
2009-05-18,98.54
2009-05-19,98.55
2009-05-20,95.56
2009-05-21,96.39
2009-05-22,96.6
2009-05-25,97.34
2009-05-26,97.45
2009-05-27,97.06
2009-05-28,96.98
2009-05-29,99.82
2009-06-01,99.76
2009-06-02,98.62
2009-06-03,100.17
2009-06-04,99
2009-06-05,98.89
2009-06-08,98.92
2009-06-09,99.23
2009-06-10,99.55
2009-06-12,96.55
2009-06-15,95.6
2009-06-16,97.2
2009-06-17,98.19
2009-06-18,97.41
2009-06-19,98.82
2009-06-22,98.39
2009-06-23,96.03
2009-06-24,96.92
2009-06-25,96.83
2009-06-26,97.46
2009-06-29,97.26
2009-06-30,96.51
2009-07-01,95.36
2009-07-02,94.66
2009-07-03,92.67
2009-07-06,93.65
2009-07-07,93.57
2009-07-08,92.99
2009-07-09,94
2009-07-10,91.51
2009-07-13,92.23
2009-07-14,92.3
2009-07-15,92.63
2009-07-16,92.16
2009-07-17,91.76
2009-07-20,92.32
2009-07-21,92.61
2009-07-22,91.48
2009-07-23,91.75
2009-07-24,91.1
2009-07-27,90.74
2009-07-28,89.74
2009-07-29,88.76
2009-07-30,88.69
2009-07-31,89.15
2009-08-03,89.14
2009-08-04,89.01
2009-08-05,87.9
2009-08-06,88.15
2009-08-07,89.03
2009-08-10,89.21
2009-08-11,87.86
2009-08-12,88.4
2009-08-13,90.76
2009-08-14,88.64
2009-08-17,88.42
2009-08-18,89.08
2009-08-19,88.9
2009-08-20,89.88
2009-08-21,87.92
2009-08-24,88.33
2009-08-25,88.07
2009-08-26,87.75
2009-08-27,86.36
2009-08-28,87.85
2009-08-31,87.43
2009-09-01,88.09
2009-09-02,87.8
2009-09-03,91.2
2009-09-04,91.44
2009-09-07,91.81
2009-09-08,91.82
2009-09-09,91.4
2009-09-10,91.16
2009-09-11,91.25
2009-09-14,92.96
2009-09-15,93.76
2009-09-16,91.3
2009-09-17,92.23
2009-09-18,91.6
2009-09-21,91.85
2009-09-22,90.69
2009-09-23,91.59
2009-09-24,91.64
2009-09-25,91.89
2009-09-28,91.44
2009-09-29,92.15
2009-09-30,91.58
2009-10-01,92.36
2009-10-02,93.54
2009-10-05,94.32
2009-10-06,93.28
2009-10-07,94.77
2009-10-08,95.26
2009-10-09,96.29
2009-10-12,97.91
2009-10-13,98.5
2009-10-14,97.02
2009-10-15,96.22
2009-10-16,95.09
2009-10-19,95.14
2009-10-20,94.94
2009-10-21,95.31
2009-10-22,94.09
2009-10-23,94.96
2009-10-26,94.96
2009-10-27,94.04
2009-10-28,94.06
2009-10-29,95.46
2009-10-30,96.49
2009-11-02,95.62
2009-11-03,98.21
2009-11-04,99.58
2009-11-05,101.29
2009-11-06,100.67
2009-11-09,100.44
2009-11-10,100.32
2009-11-12,100.52
2009-11-13,99.33
2009-11-16,98.06
2009-11-17,99.54
2009-11-18,100.01
2009-11-19,101.09
2009-11-20,101.39
2009-11-23,102.16
2009-11-24,103.46
2009-11-25,103.18
2009-11-26,103.79
2009-11-27,104.29
2009-11-30,105.19
2009-12-01,104.09
2009-12-02,105.02
2009-12-03,105.97
2009-12-04,105.28
2009-12-07,103.96
2009-12-08,100.93
2009-12-09,101.15
2009-12-10,102.58
2009-12-11,102.19
2009-12-14,101.37
2009-12-15,102.06
2009-12-16,103.29
2009-12-17,105.65
2009-12-18,104.52
2009-12-21,103.11
2009-12-22,104.02
2009-12-23,101.87
2009-12-24,102.2
2009-12-28,102.82
2009-12-29,102.66
2009-12-30,102.38
2009-12-31,100.42
2010-01-04,101.16
2010-01-05,102.64
2010-01-06,102.06
2010-01-07,103.52
2010-01-08,104.05
2010-01-11,103.92
2010-01-12,103.73
2010-01-13,104.25
2010-01-14,101.5
2010-01-15,102.22
2010-01-18,101.46
2010-01-19,102.3
2010-01-20,101.91
2010-01-21,101.92
2010-01-22,103.07
2010-01-25,100.32
2010-01-26,101.01
2010-01-27,102.17
2010-01-28,102.37
2010-01-29,101.29
2010-02-01,100.86
2010-02-02,100.55
2010-02-03,102.17
2010-02-04,101.56
2010-02-05,101.25
2010-02-08,101.77
2010-02-09,102.27
2010-02-10,102.19
2010-02-11,101.32
2010-02-12,102.08
2010-02-15,102.38
2010-02-16,104.33
2010-02-17,105.53
2010-02-18,104.37
2010-02-19,105.51
2010-02-22,106.12
2010-02-23,104.59
2010-02-24,103.35
2010-02-25,104.86
2010-02-26,104.17
2010-03-01,104.22
2010-03-02,103.49
2010-03-03,105.59
2010-03-04,105.17
2010-03-05,104.59
2010-03-08,104.24
2010-03-09,102.68
2010-03-10,102.51
2010-03-11,102.8
2010-03-12,101.36
2010-03-15,100.71
2010-03-16,100.99
2010-03-17,102.67
2010-03-18,101.3
2010-03-19,102.11
2010-03-22,101.9
2010-03-23,102.15
2010-03-24,101.99
2010-03-25,101.62
2010-03-26,102.48
2010-03-29,102.44
2010-03-30,102.78
2010-03-31,102.31
2010-04-01,102.99
2010-04-02,102.96
2010-04-06,102.67
2010-04-07,104.23
2010-04-08,105.29
2010-04-09,106.95
2010-04-12,106.09
2010-04-13,105.72
2010-04-14,105.58
2010-04-15,105.06
2010-04-16,105.76
2010-04-19,105.78
2010-04-20,105.97
2010-04-21,106.26
2010-04-22,105.8
2010-04-23,105.06
2010-04-26,106.8
2010-04-27,107.9
2010-04-28,107.77
2010-04-29,112.13
2010-04-30,111
2010-05-04,111.1
2010-05-05,114.03
2010-05-06,116.18
2010-05-07,121.2
2010-05-10,126.8
2010-05-11,117.98
2010-05-12,125.32
2010-05-13,124.77
2010-05-14,125.23
2010-05-17,126.68
2010-05-18,130.23
2010-05-19,126.3
2010-05-20,129.07
2010-05-21,127.11
2010-05-24,125.71
2010-05-25,126.11
2010-05-26,131.73
2010-05-27,130.63
2010-05-28,130.22
2010-05-31,126.34
2010-06-01,128.62
2010-06-02,134.01
2010-06-04,131.25
2010-06-07,129.77
2010-06-08,136.38
2010-06-09,139.3
2010-06-10,136.88
2010-06-11,134.25
2010-06-14,132.41
2010-06-15,131.39
2010-06-16,131.55
2010-06-17,131.23
2010-06-18,132.48
2010-06-21,132.7
2010-06-22,130.92
2010-06-23,130.79
2010-06-24,130.33
2010-06-25,132.35
2010-06-28,135.65
2010-06-29,134.88
2010-06-30,135.57
2010-07-01,135.78
2010-07-02,133.98
2010-07-05,128.07
2010-07-06,127.49
2010-07-07,125.39
2010-07-08,126.02
2010-07-09,123.78
2010-07-12,124.83
2010-07-13,126.01
2010-07-14,127.07
2010-07-15,123.9
2010-07-16,123.32
2010-07-19,120.87
2010-07-20,120.84
2010-07-21,120.76
2010-07-22,122.66
2010-07-23,123.21
2010-07-26,120.13
2010-07-27,119.37
2010-07-28,115.88
2010-07-29,114.41
2010-07-30,114.45
2010-08-02,115.49
2010-08-03,116.52
2010-08-04,115.09
2010-08-05,117.44
2010-08-06,116.05
2010-08-09,117.45
2010-08-10,116.03
2010-08-11,115.58
2010-08-12,118.63
2010-08-13,121.74
2010-08-16,121.23
2010-08-17,123.12
2010-08-18,121.45
2010-08-19,120.27
2010-08-20,122.34
2010-08-23,122.39
2010-08-24,123.6
2010-08-25,124.69
2010-08-26,125.31
2010-08-27,125.08
2010-08-30,124.31
2010-08-31,124
2010-09-01,126.52
2010-09-02,125.39
2010-09-03,124.24
2010-09-06,123.21
2010-09-07,122.29
2010-09-08,125.04
2010-09-09,125.77
2010-09-10,125.05
2010-09-13,123.71
2010-09-14,122.95
2010-09-15,124.66
2010-09-16,123.63
2010-09-17,123.27
2010-09-20,123.2
2010-09-21,124.03
2010-09-22,123.19
2010-09-23,123.26
2010-09-24,123.89
2010-09-27,123.87
2010-09-28,122.7
2010-09-29,123.32
2010-09-30,122.87
2010-10-01,122.91
2010-10-04,121.76
2010-10-05,122.14
2010-10-06,123.37
2010-10-07,123.04
2010-10-08,122.81
2010-10-11,123.61
2010-10-12,123.94
2010-10-13,124.89
2010-10-14,124.36
2010-10-15,122.28
2010-10-18,121.87
2010-10-19,124.39
2010-10-20,121.69
2010-10-21,123.61
2010-10-22,121.79
2010-10-25,121.68
2010-10-26,120.91
2010-10-27,120.58
2010-10-28,121.64
2010-10-29,123.16
2010-11-02,125.74
2010-11-03,122.92
2010-11-04,121.17
2010-11-05,121.87
2010-11-08,124.06
2010-11-09,125.79
2010-11-10,129.2
2010-11-12,126.88
2010-11-15,128.85
2010-11-16,127.23
2010-11-17,125.5
2010-11-18,125.63
2010-11-19,125.33
2010-11-22,124.08
2010-11-23,124.69
2010-11-24,128.53
2010-11-25,131.54
2010-11-26,131.92
2010-11-29,132.26
2010-11-30,132.81
2010-12-01,139.26
2010-12-02,137
2010-12-03,135.24
2010-12-06,136.14
2010-12-07,136.76
2010-12-08,136.74
2010-12-09,136.14
2010-12-10,136.46
2010-12-13,134.69
2010-12-14,136.94
2010-12-15,133.18
2010-12-16,133.85
2010-12-17,132.01
2010-12-20,131.3
2010-12-21,134.87
2010-12-22,135.06
2010-12-23,135.21
2010-12-24,133.91
2010-12-27,134.01
2010-12-28,134.09
2010-12-29,133.64
2010-12-30,137.97
2010-12-31,135.48
2011-01-03,134.39
2011-01-04,135.21
2011-01-05,131.31
2011-01-07,129.69
2011-01-10,131.05
2011-01-11,133.15
2011-01-12,132.83
2011-01-13,130.62
2011-01-14,130.39
2011-01-17,127.67
2011-01-18,127.64
2011-01-19,127.02
2011-01-20,127.39
2011-01-21,124.83
2011-01-24,124.33
2011-01-25,123.33
2011-01-26,121.57
2011-01-27,120.76
2011-01-28,122.33
2011-01-31,120.87
2011-02-01,123.05
2011-02-02,121.87
2011-02-03,121.36
2011-02-04,121.37
2011-02-07,124.87
2011-02-08,123.19
2011-02-09,124.82
2011-02-10,125.44
2011-02-11,125.29
2011-02-14,127.67
2011-02-15,128.24
2011-02-16,128.71
2011-02-17,127.26
2011-02-18,127.65
2011-02-21,128.12
2011-02-22,129.71
2011-02-23,131.51
2011-02-24,130.8
2011-02-25,131.33
2011-02-28,129.72
2011-03-01,130.51
2011-03-02,130.84
2011-03-03,133.11
2011-03-04,131.18
2011-03-07,131.43
2011-03-08,131.14
2011-03-09,130.93
2011-03-10,131.79
2011-03-11,131.09
2011-03-14,132.56
2011-03-15,131.82
2011-03-16,131.87
2011-03-17,130.97
2011-03-18,131.22
2011-03-21,131.7
2011-03-22,131.62
2011-03-23,130.02
2011-03-24,131.65
2011-03-25,132.66
2011-03-28,131.24
2011-03-29,129.53
2011-03-30,128.63
2011-03-31,129.59
2011-04-01,130.62
2011-04-04,129.73
2011-04-05,131.04
2011-04-06,130.84
2011-04-07,131.51
2011-04-08,130.73
2011-04-11,129.89
2011-04-12,129.8
2011-04-13,128.31
2011-04-14,128.49
2011-04-15,128.65
2011-04-18,129.59
2011-04-19,132.52
2011-04-20,133.8
2011-04-21,132.03
2011-04-22,131.46
2011-04-26,131.22
2011-04-27,129.88
2011-04-28,130.38
2011-04-29,130.85
2011-05-02,130.84
2011-05-04,131.43
2011-05-05,131.3
2011-05-06,128.53
2011-05-09,130.32
2011-05-10,131.3
2011-05-11,133.14
2011-05-12,131.87
2011-05-13,132.05
2011-05-16,132.26
2011-05-17,134.22
2011-05-18,131.72
2011-05-19,132.31
2011-05-20,132.34
2011-05-23,131.22
2011-05-24,136.91
2011-05-25,137.57
2011-05-26,137.89
2011-05-27,136.86
2011-05-30,138.03
2011-05-31,137.08
2011-06-01,135.69
2011-06-02,135.5
2011-06-03,136.51
2011-06-06,135.24
2011-06-07,134.81
2011-06-08,133.57
2011-06-09,133.21
2011-06-10,133.69
2011-06-13,133.82
2011-06-14,134.58
2011-06-15,132.59
2011-06-16,135.24
2011-06-17,137.45
2011-06-20,138.78
2011-06-21,139.28
2011-06-22,137.96
2011-06-24,135.46
2011-06-27,135.94
2011-06-28,135.82
2011-06-29,135.2
2011-06-30,134.81
2011-07-01,133.18
2011-07-04,130.04
2011-07-05,130.54
2011-07-06,132.38
2011-07-07,135.18
2011-07-08,135.53
2011-07-11,136.31
2011-07-12,140.64
2011-07-13,144.76
2011-07-14,145.5
2011-07-15,144.77
2011-07-18,145.64
2011-07-19,147.82
2011-07-20,146.03
2011-07-21,143.88
2011-07-22,144.45
2011-07-25,142.17
2011-07-26,144.63
2011-07-27,143.39
2011-07-28,144.44
2011-07-29,144.64
2011-08-01,147.18
2011-08-02,144.45
2011-08-03,149.19
2011-08-04,151.63
2011-08-05,152.48
2011-08-08,152.37
2011-08-09,153.97
2011-08-10,160.91
2011-08-11,162.28
2011-08-12,165.19
2011-08-16,163.18
2011-08-17,165.71
2011-08-18,165.66
2011-08-19,168.43
2011-08-22,173.92
2011-08-23,174.7
2011-08-24,173.2
2011-08-25,164.03
2011-08-26,159.95
2011-08-29,165.78
2011-08-30,164.75
2011-08-31,168.73
2011-09-01,167.32
2011-09-02,169.77
2011-09-05,176.51
2011-09-06,181.25
2011-09-07,180.95
2011-09-08,174.23
2011-09-09,178.82
2011-09-12,185.36
2011-09-13,187.41
2011-09-14,187.47
2011-09-15,185.57
2011-09-16,182.51
2011-09-19,181.73
2011-09-20,183.81
2011-09-21,185.48
2011-09-22,185.19
2011-09-23,182.23
2011-09-26,180.12
2011-09-27,168.35
2011-09-28,173.69
2011-09-29,171.47
2011-09-30,168.29
2011-10-03,169.68
2011-10-04,177.07
2011-10-05,175.55
2011-10-06,171.39
2011-10-07,172.07
2011-10-10,173.1
2011-10-11,170.16
2011-10-12,170.76
2011-10-13,169.55
2011-10-14,167.22
2011-10-17,167.82
2011-10-18,166.34
2011-10-19,166.7
2011-10-20,166.55
2011-10-21,165.54
2011-10-24,168.83
2011-10-25,168.39
2011-10-26,167.41
2011-10-27,173.68
2011-10-28,171.7
2011-10-31,170.52
2011-11-02,169.45
2011-11-03,179.85
2011-11-04,179.73
2011-11-07,176.48
2011-11-08,182.83
2011-11-09,182.83
2011-11-10,183.12
2011-11-14,183.61
2011-11-15,183.47
2011-11-16,186.67
2011-11-17,184.18
2011-11-18,184.67
2011-11-21,180.83
2011-11-22,180.49
2011-11-23,179.59
2011-11-24,179.4
2011-11-25,182.23
2011-11-28,184.59
2011-11-29,185.75
2011-11-30,187.26
2011-12-01,192.27
2011-12-02,188.14
2011-12-05,186.68
2011-12-06,186.58
2011-12-07,183.56
2011-12-08,185.87
2011-12-09,183.94
2011-12-12,186.14
2011-12-13,182.01
2011-12-14,185.97
2011-12-15,180.27
2011-12-16,177.47
2011-12-19,177.25
2011-12-20,177.11
2011-12-21,177.16
2011-12-22,174.71
2011-12-23,175.26
2011-12-27,175.61
2011-12-28,174.62
2011-12-29,169.75
2011-12-30,167.97
2012-01-02,172.99
2012-01-03,174.41
2012-01-04,176.12
2012-01-05,177.98
2012-01-09,182.32
2012-01-10,182.5
2012-01-11,184.64
2012-01-12,183.5
2012-01-13,186.61
2012-01-16,180.47
2012-01-17,183.59
2012-01-18,182.16
2012-01-19,180.03
2012-01-20,179.2
2012-01-23,178.25
2012-01-24,179.67
2012-01-25,176.55
2012-01-26,175.01
2012-01-27,178.99
2012-01-30,178.47
2012-01-31,180.3
2012-02-01,179.6
2012-02-02,178.52
2012-02-03,179.91
2012-02-06,177.55
2012-02-07,177.33
2012-02-08,176.3
2012-02-09,176.62
2012-02-10,176.96
2012-02-13,174.46
2012-02-14,174.99
2012-02-15,176.05
2012-02-16,176.41
2012-02-17,179.02
2012-02-20,176.12
2012-02-21,176.06
2012-02-22,176.96
2012-02-23,178.2
2012-02-24,179.27
2012-02-27,177.75
2012-02-28,177.61
2012-02-29,177.37
2012-03-01,174.88
2012-03-02,170.22
2012-03-05,170.25
2012-03-06,171.89
2012-03-07,169.33
2012-03-08,170.59
2012-03-09,169.65
2012-03-12,168.89
2012-03-13,170.75
2012-03-14,170.02
2012-03-15,167.56
2012-03-16,168.1
2012-03-19,168.93
2012-03-20,167.53
2012-03-21,166.67
2012-03-22,165.31
2012-03-23,166.57
2012-03-26,168.08
2012-03-27,169.34
2012-03-28,168.31
2012-03-29,167.6
2012-03-30,166.45
2012-04-02,166.72
2012-04-03,167.27
2012-04-04,167.01
2012-04-05,164.19
2012-04-06,166.12
2012-04-10,166.83
2012-04-11,168.64
2012-04-12,170.77
2012-04-13,170.67
2012-04-16,170.2
2012-04-17,171.62
2012-04-18,167.58
2012-04-19,168.63
2012-04-20,169.12
2012-04-23,167.99
2012-04-24,167.44
2012-04-25,169.41
2012-04-26,166.8
2012-04-27,167.98
2012-04-30,169.35
2012-05-02,168.57
2012-05-04,166.37
2012-05-07,168.54
2012-05-08,170.59
2012-05-09,166.09
2012-05-10,164.91
2012-05-11,168.23
2012-05-14,166.77
2012-05-15,167.48
2012-05-16,168.03
2012-05-17,171.04
2012-05-18,170.83
2012-05-21,175.94
2012-05-22,173.71
2012-05-23,172.03
2012-05-24,171.61
2012-05-25,175.39
2012-05-28,174.54
2012-05-29,174.85
2012-05-30,176.08
2012-05-31,173.97
2012-06-01,177.18
2012-06-04,184.72
2012-06-05,182.93
2012-06-06,182.56
2012-06-08,179.17
2012-06-11,175.22
2012-06-12,173.53
2012-06-13,178.12
2012-06-14,180.12
2012-06-15,178.57
2012-06-18,177.74
2012-06-19,175.25
2012-06-20,177.25
2012-06-21,172.28
2012-06-22,170.98
2012-06-25,171.25
2012-06-26,172.16
2012-06-27,172.72
2012-06-28,172.08
2012-06-29,172.42
2012-07-02,174.14
2012-07-03,171.23
2012-07-04,173.82
2012-07-05,173.36
2012-07-06,174.01
2012-07-09,173.76
2012-07-10,176.01
2012-07-11,175.13
2012-07-12,172.42
2012-07-13,172.05
2012-07-16,176.8
2012-07-17,175.58
2012-07-18,173.16
2012-07-19,171.96
2012-07-20,172.65
2012-07-23,172.11
2012-07-24,174.54
2012-07-25,176.51
2012-07-26,178.7
2012-07-27,179.59
2012-07-30,176.09
2012-07-31,175.69
2012-08-01,174.74
2012-08-02,171.81
2012-08-03,171.83
2012-08-06,172.81
2012-08-07,169.52
2012-08-08,168.9
2012-08-09,171.38
2012-08-10,170.89
2012-08-13,172.75
2012-08-14,173.21
2012-08-16,170.25
2012-08-17,171.55
2012-08-20,170.74
2012-08-21,171.05
2012-08-22,172.84
2012-08-23,172.3
2012-08-24,173.94
2012-08-27,175.16
2012-08-28,174.58
2012-08-29,175.29
2012-08-30,176.55
2012-08-31,178.31
2012-09-03,176.77
2012-09-04,181.62
2012-09-05,181.58
2012-09-06,183.09
2012-09-07,180.23
2012-09-10,181
2012-09-11,179.26
2012-09-12,179.24
2012-09-13,176.93
2012-09-14,177.51
2012-09-17,177.7
2012-09-18,177.6
2012-09-19,179.25
2012-09-20,179.66
2012-09-21,181.45
2012-09-24,181.93
2012-09-25,182.36
2012-09-26,183.05
2012-09-27,180.57
2012-09-28,182.71
2012-10-01,181.46
2012-10-02,182.74
2012-10-03,181.7
2012-10-04,182.06
2012-10-05,182.31
2012-10-08,179.84
2012-10-09,179.21
2012-10-10,179.68
2012-10-11,179.49
2012-10-12,180.99
2012-10-15,179.36
2012-10-16,176.16
2012-10-17,176.52
2012-10-18,175.78
2012-10-19,175.48
2012-10-22,175.92
2012-10-23,174.72
2012-10-24,174.17
2012-10-25,175.56
2012-10-26,175.69
2012-10-29,177.2
2012-10-30,176.41
2012-10-31,176.13
2012-11-02,175.51
2012-11-05,173.15
2012-11-06,174.36
2012-11-07,175.2
2012-11-08,176.65
2012-11-09,180.26
2012-11-12,182.13
2012-11-13,183.01
2012-11-14,182.84
2012-11-15,181.73
2012-11-16,179.66
2012-11-19,180.05
2012-11-20,180.85
2012-11-21,180.06
2012-11-22,178.97
2012-11-23,178.2
2012-11-26,178.16
2012-11-27,178.66
2012-11-28,177.59
2012-11-29,174.61
2012-11-30,175.01
2012-12-03,175.27
2012-12-04,174.18
2012-12-05,172.34
2012-12-06,171.64
2012-12-07,171.79
2012-12-10,174.69
2012-12-11,176.07
2012-12-12,173.98
2012-12-13,173.59
2012-12-14,170.51
2012-12-17,170.55
2012-12-18,169.2
2012-12-19,169.07
2012-12-20,164.28
2012-12-21,163.29
2012-12-24,163.5
2012-12-27,164.63
2012-12-28,164.03
2012-12-31,164.63
2013-01-02,165.83
2013-01-03,166.97
2013-01-04,167.43
2013-01-07,167.98
2013-01-08,167.26
2013-01-09,167.48
2013-01-10,167.98
2013-01-11,167.59
2013-01-14,164.61
2013-01-15,165.18
2013-01-16,166.14
2013-01-17,167.58
2013-01-18,166.14
2013-01-21,167.89
2013-01-22,170.11
2013-01-23,170.34
2013-01-24,169.51
2013-01-25,169.23
2013-01-28,166.44
2013-01-29,165.5
2013-01-30,167.01
2013-01-31,166.85
2013-02-01,165.24
2013-02-04,164.97
2013-02-05,163.7
2013-02-06,165.9
2013-02-07,166.16
2013-02-08,165.64
2013-02-11,166.58
2013-02-12,164.59
2013-02-13,165.05
2013-02-14,164.02
2013-02-15,165.16
2013-02-18,162.77
2013-02-19,162.67
2013-02-20,162.1
2013-02-21,158.33
2013-02-22,160.38
2013-02-25,159.38
2013-02-26,160.2
2013-02-27,162.28
2013-02-28,164.24
2013-03-01,161.78
2013-03-04,161.61
2013-03-05,161.13
2013-03-06,160.83
2013-03-07,160.23
2013-03-08,161.52
2013-03-11,161.18
2013-03-12,161.59
2013-03-13,163.42
2013-03-14,162.82
2013-03-15,163.17
2013-03-18,163.48
2013-03-19,165.07
2013-03-20,166.01
2013-03-21,166.25
2013-03-22,168.02
2013-03-25,167.27
2013-03-26,164.29
2013-03-27,166.61
2013-03-28,168.2
2013-03-29,168.42
2013-04-02,167.48
2013-04-03,165.72
2013-04-04,165.52
2013-04-05,162.83
2013-04-08,163.12
2013-04-09,161.51
2013-04-10,160.73
2013-04-11,159.03
2013-04-12,157.91
2013-04-15,155.7
2013-04-16,141.29
2013-04-17,140.03
2013-04-18,139.44
2013-04-19,141.28
2013-04-22,141.94
2013-04-23,144.03
2013-04-24,144.01
2013-04-25,146.16
2013-04-26,148.31
2013-04-29,151.12
2013-04-30,149.62
2013-05-02,148.36
2013-05-06,148.77
2013-05-07,149.5
2013-05-08,147.49
2013-05-09,149.19
2013-05-10,147.92
2013-05-13,146.11
2013-05-14,147.43
2013-05-15,147.51
2013-05-16,146.6
2013-05-17,144.39
2013-05-20,143.12
2013-05-21,141.05
2013-05-22,142.14
2013-05-23,146.39
2013-05-24,144.62
2013-05-27,144.83
2013-05-28,144.9
2013-05-29,143.69
2013-05-31,149.22
2013-06-03,147.73
2013-06-04,148.19
2013-06-05,146.36
2013-06-06,146.35
2013-06-07,146.57
2013-06-10,145.02
2013-06-11,143.24
2013-06-12,142.26
2013-06-13,142.28
2013-06-14,142.5
2013-06-17,141.59
2013-06-18,141.21
2013-06-19,139.21
2013-06-20,140.26
2013-06-21,135.87
2013-06-24,136.34
2013-06-25,137.09
2013-06-26,135.04
2013-06-27,132.13
2013-06-28,131.73
2013-07-01,127.13
2013-07-02,132.71
2013-07-03,133.78
2013-07-04,134.7
2013-07-05,133.82
2013-07-08,129.62
2013-07-09,133.33
2013-07-10,135.59
2013-07-11,136.18
2013-07-12,137.25
2013-07-15,136.62
2013-07-16,136.14
2013-07-17,135.92
2013-07-18,135.18
2013-07-19,133.53
2013-07-22,134.76
2013-07-23,137.12
2013-07-24,137.19
2013-07-25,136.49
2013-07-26,137.03
2013-07-29,136.2
2013-07-30,136.2
2013-07-31,135.36
2013-08-01,134.93
2013-08-02,135.13
2013-08-05,135.53
2013-08-06,133.28
2013-08-07,130.69
2013-08-08,130.8
2013-08-09,131.49
2013-08-12,131.89
2013-08-13,135.84
2013-08-14,134.49
2013-08-16,135.27
2013-08-19,139.39
2013-08-20,139.89
2013-08-21,140.16
2013-08-22,138.9
2013-08-23,140.67
2013-08-26,140.28
2013-08-27,140.21
2013-08-28,145.33
2013-08-29,145.32
2013-08-30,146.05
2013-09-02,144.43
2013-09-03,143.97
2013-09-04,145.95
2013-09-05,144.74
2013-09-06,144.56
2013-09-09,145.95
2013-09-10,144.6
2013-09-11,140.53
2013-09-12,140.12
2013-09-13,135.71
2013-09-16,134.36
2013-09-17,133.82
2013-09-18,133.12
2013-09-19,132.56
2013-09-20,135.36
2013-09-23,135.14
2013-09-24,132.98
2013-09-25,132.4
2013-09-26,132.84
2013-09-27,134.05
2013-09-30,135.06
2013-10-01,133.18
2013-10-02,129.36
2013-10-03,131.09
2013-10-04,130.95
2013-10-07,130.13
2013-10-08,131.8
2013-10-09,131.98
2013-10-10,130.22
2013-10-11,129.4
2013-10-14,125.53
2013-10-15,127.86
2013-10-16,126.2
2013-10-17,126.32
2013-10-18,129.91
2013-10-21,129.13
2013-10-22,129.71
2013-10-23,131
2013-10-24,130.05
2013-10-25,131.12
2013-10-28,131.4
2013-10-29,132.47
2013-10-30,132.03
2013-10-31,132.57
2013-11-04,129.87
2013-11-05,131.52
2013-11-06,130.21
2013-11-07,131.03
2013-11-08,129.64
2013-11-12,128.67
2013-11-13,129.53
2013-11-14,128.29
2013-11-15,128.81
2013-11-18,129.02
2013-11-19,127.74
2013-11-20,126.85
2013-11-21,125.06
2013-11-22,124.5
2013-11-25,124.53
2013-11-26,123.95
2013-11-27,124.12
2013-11-28,123.69
2013-11-29,123.61
2013-12-02,124.28
2013-12-03,122.4
2013-12-04,121.23
2013-12-05,122.03
2013-12-06,121.32
2013-12-09,121.59
2013-12-10,121.43
2013-12-11,123.86
2013-12-12,123.15
2013-12-13,119.8
2013-12-16,120.54
2013-12-17,120.49
2013-12-18,120.23
2013-12-19,120.23
2013-12-20,117.23
2013-12-23,117.31
2013-12-24,117.36
2013-12-27,116.74
2013-12-30,117.56
2013-12-31,116.89
2014-01-02,116.35
2014-01-03,119.41
2014-01-07,121.12
2014-01-08,121.13
2014-01-09,120.59
2014-01-10,121
2014-01-13,122.8
2014-01-14,122.17
2014-01-15,122.33
2014-01-16,121.19
2014-01-17,122.02
2014-01-20,122.97
2014-01-21,123.86
2014-01-22,122.44
2014-01-23,122.74
2014-01-24,124.1
2014-01-27,125.18
2014-01-28,125.17
2014-01-29,123.24
2014-01-30,125.29
2014-01-31,124.51
2014-02-03,125.84
2014-02-04,127.27
2014-02-05,125.38
2014-02-06,124.97
2014-02-07,125.04
2014-02-10,124.94
2014-02-11,125.98
2014-02-12,126.05
2014-02-13,126.67
2014-02-14,127.23
2014-02-17,128.74
2014-02-18,129.11
2014-02-19,128.65
2014-02-20,128.59
2014-02-21,129.03
2014-02-24,129.27
2014-02-25,129.82
2014-02-26,130.29
2014-02-27,129.57
2014-02-28,131.3
2014-03-03,129.03
2014-03-04,132.17
2014-03-05,130.83
2014-03-06,131.02
2014-03-07,131.6
2014-03-10,129.58
2014-03-11,130.78
2014-03-12,131.78
2014-03-13,133.99
2014-03-14,133.28
2014-03-17,135.73
2014-03-18,134.87
2014-03-19,132.5
2014-03-20,130.11
2014-03-21,130.11
2014-03-24,130.68
2014-03-25,128.46
2014-03-26,128.13
2014-03-27,127.12
2014-03-28,126.68
2014-03-31,126.45
2014-04-01,126.02
2014-04-02,124.96
2014-04-03,125.82
2014-04-04,125.2
2014-04-07,126.79
2014-04-08,127.14
2014-04-09,127.46
2014-04-10,126.47
2014-04-11,127.77
2014-04-14,127.5
2014-04-15,129.09
2014-04-16,126.55
2014-04-17,126.66
2014-04-18,126.6
2014-04-22,126.39
2014-04-23,125.52
2014-04-24,125.09
2014-04-25,125.74
2014-04-28,127.1
2014-04-29,126.82
2014-04-30,126.49
2014-05-02,126.11
2014-05-05,125.12
2014-05-06,124.85
2014-05-07,126.82
2014-05-08,125.79
2014-05-09,124.31
2014-05-12,125.59
2014-05-13,126.79
2014-05-14,126.63
2014-05-15,127.92
2014-05-16,127.74
2014-05-19,126.91
2014-05-20,127.92
2014-05-21,127.53
2014-05-22,126.41
2014-05-23,127.44
2014-05-26,126.59
2014-05-27,126.49
2014-05-28,125.21
2014-05-29,124.29
2014-05-30,122.64
2014-06-02,122.38
2014-06-03,121.96
2014-06-04,121.67
2014-06-05,122.09
2014-06-06,121.92
2014-06-09,121.22
2014-06-10,121.17
2014-06-11,122.7
2014-06-12,123.46
2014-06-13,123.62
2014-06-16,124.35
2014-06-17,125.77
2014-06-18,124.27
2014-06-20,124.86
2014-06-23,128.69
2014-06-24,129.34
2014-06-25,129.4
2014-06-26,128.93
2014-06-27,128.03
2014-06-30,129.13
2014-07-01,128.84
2014-07-02,129.56
2014-07-03,129.6
2014-07-04,128.85
2014-07-07,129.36
2014-07-08,128.73
2014-07-09,129.5
2014-07-10,128.96
2014-07-11,130.66
2014-07-14,130.59
2014-07-15,127.52
2014-07-16,128.27
2014-07-17,127.59
2014-07-18,128.06
2014-07-21,128.83
2014-07-22,129.46
2014-07-23,129.54
2014-07-24,129.12
2014-07-25,127.6
2014-07-28,128.35
2014-07-29,129.43
2014-07-30,129.07
2014-07-31,128.93
2014-08-01,128.48
2014-08-04,129.87
2014-08-05,129.09
2014-08-06,128.56
2014-08-07,131.81
2014-08-08,131.77
2014-08-11,132.68
2014-08-12,131.88
2014-08-13,133.1
2014-08-14,132.62
2014-08-18,132.12
2014-08-19,130.66
2014-08-20,130.69
2014-08-21,131.04
2014-08-22,129.43
2014-08-25,129.45
2014-08-26,130.11
2014-08-27,131.02
2014-08-28,130.99
2014-08-29,132.24
2014-09-01,132.14
2014-09-02,132.5
2014-09-03,130.82
2014-09-04,129.85
2014-09-05,130.6
2014-09-08,131.68
2014-09-09,130.76
2014-09-10,131.63
2014-09-11,130.75
2014-09-12,129.45
2014-09-15,128.54
2014-09-16,129.05
2014-09-17,128.44
2014-09-18,128.48
2014-09-19,127.49
2014-09-22,127.49
2014-09-23,127.09
2014-09-24,127.42
2014-09-25,127.3
2014-09-26,128.08
2014-09-29,127.89
2014-09-30,129.39
2014-10-01,128.96
2014-10-02,129.74
2014-10-03,128.72
2014-10-06,127.09
2014-10-07,128.17
2014-10-08,128.85
2014-10-09,129.32
2014-10-10,129.27
2014-10-13,129.27
2014-10-14,130.63
2014-10-15,131.39
2014-10-16,132.35
2014-10-17,131.28
2014-10-20,130.8
2014-10-21,132.47
2014-10-22,132.61
2014-10-23,133.07
2014-10-24,132.32
2014-10-27,132.31
2014-10-28,131.52
2014-10-29,131.58
2014-10-30,130.58
2014-10-31,129.83
2014-11-03,125.24
2014-11-04,126.78
2014-11-05,126.66
2014-11-06,124.43
2014-11-07,124.3
2014-11-10,126.52
2014-11-12,127.23
2014-11-13,127.17
2014-11-14,126.47
2014-11-17,127.52
2014-11-18,128.58
2014-11-19,129.26
2014-11-20,129.4
2014-11-21,128.86
2014-11-24,130.91
2014-11-25,130.29
2014-11-26,129.94
2014-11-27,129.15
2014-11-28,128.78
2014-12-01,127.8
2014-12-02,128.68
2014-12-03,128.58
2014-12-04,130.64
2014-12-05,131.1
2014-12-08,129.06
2014-12-09,130.34
2014-12-10,132.9
2014-12-11,132.64
2014-12-12,131.42
2014-12-15,131.63
2014-12-16,130.72
2014-12-17,129.6
2014-12-18,130.42
2014-12-19,132.72
2014-12-22,133.74
2014-12-23,133.61
2014-12-24,132.06
2014-12-29,133.54
2014-12-30,134.45
2014-12-31,137.47
2015-01-02,135.24
2015-01-05,134.61
2015-01-07,138.79
2015-01-08,141.57
2015-01-09,142.57
2015-01-12,141.93
2015-01-13,142.81
2015-01-14,143.52
2015-01-15,145.04
2015-01-16,148.11
2015-01-19,152.67
2015-01-20,152.24
2015-01-21,154.72
2015-01-22,155.37
2015-01-23,154.12
2015-01-26,156.89
2015-01-27,154.88
2015-01-28,154.73
2015-01-29,154.36
2015-01-30,152.63
2015-02-02,150.75
2015-02-03,150.55
2015-02-04,149.94
2015-02-05,148.6
2015-02-06,148.42
2015-02-09,145.22
2015-02-10,146.58
2015-02-11,147.73
2015-02-12,145.96
2015-02-13,145.12
2015-02-16,144.86
2015-02-17,144.9
2015-02-18,143.07
2015-02-19,142.61
2015-02-20,142.46
2015-02-23,143.34
2015-02-24,143.04
2015-02-25,141.66
2015-02-26,141.94
2015-02-27,141.88
2015-03-02,144.33
2015-03-03,144.43
2015-03-04,145
2015-03-05,144.58
2015-03-06,145.03
2015-03-09,142.31
2015-03-10,142.35
2015-03-11,143.26
2015-03-12,144.52
2015-03-13,144.23
2015-03-16,144.98
2015-03-17,145.26
2015-03-18,144.43
2015-03-19,144.14
2015-03-20,144.7
2015-03-23,147.01
2015-03-24,145.62
2015-03-25,143.48
2015-03-26,143.59
2015-03-27,143.31
2015-03-30,145.65
2015-03-31,143.66
2015-04-01,145.49
2015-04-02,145.84
2015-04-03,144.58
2015-04-07,144.29
2015-04-08,145.77
2015-04-09,144.12
2015-04-10,143.71
2015-04-13,147.1
2015-04-14,146.83
2015-04-15,145.96
2015-04-16,145.25
2015-04-17,146.15
2015-04-20,144.22
2015-04-21,143.5
2015-04-22,143.25
2015-04-23,141.97
2015-04-24,142.46
2015-04-27,140.31
2015-04-28,143.19
2015-04-29,142.85
2015-04-30,141.47
2015-05-04,136.57
2015-05-05,137.33
2015-05-06,139.35
2015-05-07,138.69
2015-05-08,136.73
2015-05-11,137.63
2015-05-12,139.53
2015-05-13,139.63
2015-05-14,141.28
2015-05-15,141.49
2015-05-18,140.16
2015-05-19,139.85
2015-05-20,141.14
2015-05-21,142.21
2015-05-22,141.81
2015-05-25,142.03
2015-05-26,145.16
2015-05-27,144.43
2015-05-28,144.54
2015-05-29,144.24
2015-06-01,144.28
2015-06-02,146.03
2015-06-03,144.49
2015-06-05,141.98
2015-06-08,138.34
2015-06-09,140.96
2015-06-10,139.95
2015-06-11,140.46
2015-06-12,139.5
2015-06-15,141.07
2015-06-16,140.17
2015-06-17,139.87
2015-06-18,139.64
2015-06-19,141.25
2015-06-22,142.68
2015-06-23,140.28
2015-06-24,140.27
2015-06-25,140.03
2015-06-26,140.64
2015-06-29,140.27
2015-06-30,142.43
2015-07-01,142.22
2015-07-02,141.28
2015-07-03,141.82
2015-07-06,141.66
2015-07-07,142.31
2015-07-08,142.41
2015-07-09,142.39
2015-07-10,143.32
2015-07-13,140.54
2015-07-14,139.28
2015-07-15,140.08
2015-07-16,138.23
2015-07-17,138.68
2015-07-20,137.22
2015-07-21,134.47
2015-07-22,134.65
2015-07-23,131.7
2015-07-24,132.51
2015-07-27,130.85
2015-07-28,132.48
2015-07-29,131.46
2015-07-30,131.34
2015-07-31,131.99
2015-08-03,133.93
2015-08-04,132.38
2015-08-05,132.54
2015-08-06,133.83
2015-08-07,134.5
2015-08-10,134.75
2015-08-11,134.89
2015-08-12,135.7
2015-08-13,136.02
2015-08-14,135.07
2015-08-17,134.83
2015-08-18,135.29
2015-08-19,134.27
2015-08-20,136.58
2015-08-21,138.96
2015-08-24,138.71
2015-08-25,138.64
2015-08-26,133.89
2015-08-27,133.08
2015-08-28,134.75
2015-08-31,136.81
2015-09-01,137.86
2015-09-02,137.75
2015-09-03,137.64
2015-09-04,136.54
2015-09-07,136.44
2015-09-08,136.5
2015-09-09,136.55
2015-09-10,134.28
2015-09-11,134.29
2015-09-14,131.95
2015-09-15,131.86
2015-09-16,132.42
2015-09-17,134.07
2015-09-18,133.4
2015-09-21,134.83
2015-09-22,135.12
2015-09-23,135.15
2015-09-24,137.48
2015-09-25,139.89
2015-09-28,139.43
2015-09-29,137.66
2015-09-30,137.59
2015-10-01,135.23
2015-10-02,136.74
2015-10-05,139.49
2015-10-06,138.24
2015-10-07,139.78
2015-10-08,138.38
2015-10-09,137.6
2015-10-12,137.87
2015-10-13,139.12
2015-10-14,139.35
2015-10-15,140.12
2015-10-16,140.7
2015-10-19,141.41
2015-10-20,140.82
2015-10-21,141.58
2015-10-22,141.18
2015-10-23,141.85
2015-10-26,142.64
2015-10-27,144.92
2015-10-28,144.93
2015-10-29,147.27
2015-10-30,143.93
2015-11-02,142.32
2015-11-03,140.7
2015-11-04,139.67
2015-11-05,139.33
2015-11-06,138.46
2015-11-09,136.8
2015-11-10,138.74
2015-11-12,138.3
2015-11-13,137.86
2015-11-16,136.95
2015-11-17,138.06
2015-11-18,138.02
2015-11-19,136.64
2015-11-20,138.38
2015-11-23,138.1
2015-11-24,137.27
2015-11-25,138.51
2015-11-26,138.1
2015-11-27,138.75
2015-11-30,137.13
2015-12-01,137.6
2015-12-02,137.85
2015-12-03,136.75
2015-12-04,137.08
2015-12-07,137.44
2015-12-08,137.85
2015-12-09,137.46
2015-12-10,138.01
2015-12-11,136.35
2015-12-14,136.95
2015-12-15,136.35
2015-12-16,134.89
2015-12-17,137.05
2015-12-18,133.77
2015-12-21,135.13
2015-12-22,135.95
2015-12-23,134.05
2015-12-24,133.53
2015-12-28,133.34
2015-12-29,133.23
2015-12-30,133.03
2015-12-31,132.23
2016-01-04,133.22
2016-01-05,136.7
2016-01-07,138.77
2016-01-08,142.58
2016-01-11,141.59
2016-01-12,141.86
2016-01-13,140.19
2016-01-14,140.2
2016-01-15,139.93
2016-01-18,142.13
2016-01-19,144.05
2016-01-20,142.88
2016-01-21,144.79
2016-01-22,145.59
2016-01-25,144.63
2016-01-26,147.11
2016-01-27,148.48
2016-01-28,147.67
2016-01-29,146.4
2016-02-01,145.58
2016-02-02,147.19
2016-02-03,146.33
2016-02-04,146.78
2016-02-05,146.83
2016-02-08,145.81
2016-02-09,151.62
2016-02-10,152.28
2016-02-11,150.68
2016-02-12,156.48
2016-02-15,155.75
2016-02-16,152.37
2016-02-17,153.24
2016-02-18,153.39
2016-02-19,153.37
2016-02-22,156.46
2016-02-23,153.39
2016-02-24,155.79
2016-02-25,160.05
2016-02-26,157.79
2016-02-29,155.93
2016-03-01,158.54
2016-03-02,158.74
2016-03-03,158.81
2016-03-04,160.02
2016-03-07,162.41
2016-03-08,161.06
2016-03-09,160.24
2016-03-10,157.86
2016-03-11,160.11
2016-03-14,158.18
2016-03-15,153.73
2016-03-16,153.09
2016-03-17,153.06
2016-03-18,154.89
2016-03-21,152.51
2016-03-22,151.47
2016-03-23,153.05
2016-03-24,148.81
2016-03-25,150.13
2016-03-29,149.87
2016-03-30,149.94
2016-03-31,149.04
2016-04-01,149.5
2016-04-04,145.13
2016-04-05,146.11
2016-04-06,147.82
2016-04-07,147.3
2016-04-08,149.43
2016-04-11,150.24
2016-04-12,151.63
2016-04-13,151.23
2016-04-14,151.27
2016-04-15,151.44
2016-04-18,150.6
2016-04-19,150.82
2016-04-20,153.07
2016-04-21,152.31
2016-04-22,152.53
2016-04-25,153.48
2016-04-26,155.19
2016-04-27,155.43
2016-04-28,155.6
2016-04-29,156.25
2016-05-02,160.14
2016-05-04,157.9
2016-05-05,157.99
2016-05-06,158.36
2016-05-09,160.51
2016-05-10,157.55
2016-05-11,157.74
2016-05-12,159.5
2016-05-13,159.63
2016-05-16,157.81
2016-05-17,159.68
2016-05-18,158.11
2016-05-19,159.65
2016-05-20,156.92
2016-05-23,158.69
2016-05-24,158.29
2016-05-25,158.24
2016-05-27,155.72
2016-05-30,154.03
2016-05-31,154.33
2016-06-01,153.42
2016-06-02,153.66
2016-06-03,152.82
2016-06-06,157.06
2016-06-07,154.41
2016-06-08,152.81
2016-06-09,154.93
2016-06-10,154.94
2016-06-13,158.07
2016-06-14,160.37
2016-06-15,163.38
2016-06-16,162.36
2016-06-17,166.32
2016-06-20,163.56
2016-06-21,159.58
2016-06-22,158.53
2016-06-23,158.39
2016-06-24,156.61
2016-06-27,169.13
2016-06-28,171.48
2016-06-29,168.57
2016-06-30,169.56
2016-07-01,169
2016-07-04,170.37
2016-07-05,173.22
2016-07-06,173.56
2016-07-07,176.71
2016-07-08,174.64
2016-07-11,174.16
2016-07-12,174.78
2016-07-13,171.81
2016-07-14,171.86
2016-07-15,168.88
2016-07-18,168.93
2016-07-19,171.01
2016-07-20,169.37
2016-07-21,168.35
2016-07-22,168.58
2016-07-25,167.73
2016-07-26,167.6
2016-07-27,168.81
2016-07-28,169.8
2016-07-29,169.92
2016-08-01,169.86
2016-08-02,169.39
2016-08-03,170.23
2016-08-04,168.28
2016-08-05,169.05
2016-08-08,166.12
2016-08-09,166.36
2016-08-10,165.9
2016-08-11,165.74
2016-08-12,166.82
2016-08-16,166.14
2016-08-17,163.89
2016-08-18,164.45
2016-08-19,164.2
2016-08-22,164.09
2016-08-23,163.6
2016-08-24,164.23
2016-08-25,162.89
2016-08-26,162.23
2016-08-29,162.51
2016-08-30,164.47
2016-08-31,164.68
2016-09-01,164.5
2016-09-02,164.68
2016-09-05,166.8
2016-09-06,166.03
2016-09-07,167.1
2016-09-08,166.96
2016-09-09,165.22
2016-09-12,164.25
2016-09-13,164.69
2016-09-14,164.85
2016-09-15,164.54
2016-09-16,162.61
2016-09-19,161.96
2016-09-20,163.1
2016-09-21,162.36
2016-09-22,164.59
2016-09-23,164.14
2016-09-26,164.96
2016-09-27,165.18
2016-09-28,163.08
2016-09-29,162.7
2016-09-30,162.54
2016-10-03,163.95
2016-10-04,161.5
2016-10-05,158.74
2016-10-06,156.33
2016-10-07,154.89
2016-10-10,155.83
2016-10-11,155.11
2016-10-12,155.1
2016-10-13,156.96
2016-10-14,158.77
2016-10-17,156.83
2016-10-18,158.4
2016-10-19,158.35
2016-10-20,160.28
2016-10-21,160.94
2016-10-24,162.03
2016-10-25,161.5
2016-10-26,161.37
2016-10-27,161.43
2016-10-28,161.86
2016-10-31,162.48
2016-11-02,161.51
2016-11-03,163.3
2016-11-04,162.99
2016-11-07,162.79
2016-11-08,161.42
2016-11-09,161.49
2016-11-10,161.94
2016-11-14,162.41
2016-11-15,159.22
2016-11-16,161.1
2016-11-17,163.53
2016-11-18,163.18
2016-11-21,163.42
2016-11-22,162.98
2016-11-23,161.79
2016-11-24,158.49
2016-11-25,159.69
2016-11-28,158.98
2016-11-29,158.44
2016-11-30,159.57
2016-12-01,158.04
2016-12-02,156.82
2016-12-05,159.03
2016-12-06,157.75
2016-12-07,157.68
2016-12-08,156.24
2016-12-09,154.77
2016-12-12,156.27
2016-12-13,156.45
2016-12-14,156.1
2016-12-15,156.09
2016-12-16,153.36
2016-12-19,153.87
2016-12-20,154.36
2016-12-21,153.78
2016-12-22,154.85
2016-12-23,153.56
2016-12-27,153.44
2016-12-28,153.15
2016-12-29,154.16
2016-12-30,155.32
2017-01-02,155.76
2017-01-03,156.93
2017-01-04,156.44
2017-01-05,157.34
2017-01-09,157.63
2017-01-10,157.59
2017-01-11,157.82
2017-01-12,157.11
2017-01-13,159.23
2017-01-16,157.23
2017-01-17,159.96
2017-01-18,160.27
2017-01-19,159.64
2017-01-20,157.7
2017-01-23,158.28
2017-01-24,158.92
2017-01-25,159.25
2017-01-26,155.93
2017-01-27,155.26
2017-01-30,154.63
2017-01-31,155.21
2017-02-01,157.7
2017-02-02,155.07
2017-02-03,156.51
2017-02-06,156.33
2017-02-07,157.33
2017-02-08,159.43
2017-02-09,161.84
2017-02-10,160.36
2017-02-13,159.68
2017-02-14,159.15
2017-02-15,160.36
2017-02-16,160.44
2017-02-17,161.82
2017-02-20,162.49
2017-02-21,161.87
2017-02-22,162.34
2017-02-23,162.61
2017-02-24,163.85
2017-02-27,163.99
2017-02-28,164.69
2017-03-01,164.59
2017-03-02,162.53
2017-03-03,162.29
2017-03-06,161.49
2017-03-07,160.94
2017-03-08,159.62
2017-03-09,158.7
2017-03-10,158.51
2017-03-13,157.62
2017-03-14,157.77
2017-03-15,157.62
2017-03-16,156.65
2017-03-17,159.31
2017-03-20,157.79
2017-03-21,157.77
2017-03-22,157.69
2017-03-23,159.56
2017-03-24,159.18
2017-03-27,158.36
2017-03-28,158.72
2017-03-29,158.32
2017-03-30,157.92
2017-03-31,158.2
2017-04-03,157.9
2017-04-04,159.05
2017-04-05,161.32
2017-04-06,159.33
2017-04-07,160.24
2017-04-10,161.88
2017-04-11,160.58
2017-04-12,161.16
2017-04-13,163.99
2017-04-14,164.69
2017-04-18,164.79
2017-04-19,163.66
2017-04-20,162.72
2017-04-21,163.18
2017-04-24,164.18
2017-04-25,159.4
2017-04-26,158.45
2017-04-27,157.24
2017-04-28,157.43
2017-05-02,157.57
2017-05-04,156.09
2017-05-05,152.59
2017-05-08,151.96
2017-05-09,151.8
2017-05-10,152.02
2017-05-11,152.47
2017-05-12,152.38
2017-05-15,153.76
2017-05-16,152.51
2017-05-17,150.51
2017-05-18,152.86
2017-05-19,153.15
2017-05-22,151.88
2017-05-23,151.87
2017-05-24,151.36
2017-05-25,151.15
2017-05-26,150.23
2017-05-29,151.49
2017-05-30,151.99
2017-05-31,152.13
2017-06-01,152.07
2017-06-02,151.54
2017-06-05,152.99
2017-06-06,152.53
2017-06-07,154.92
2017-06-08,154.59
2017-06-09,153.08
2017-06-12,152.56
2017-06-13,152.09
2017-06-14,151.65
2017-06-16,153.78
2017-06-19,152.51
2017-06-20,150.95
2017-06-21,151.22
2017-06-22,152.17
2017-06-23,152.81
2017-06-26,152.7
2017-06-27,150.76
2017-06-28,150.4
2017-06-29,149.44
2017-06-30,148.41
2017-07-03,148.03
2017-07-04,147
2017-07-05,147.06
2017-07-06,147
2017-07-07,147.09
2017-07-10,144.86
2017-07-11,144.78
2017-07-12,144.99
2017-07-13,145.14
2017-07-14,145.52
2017-07-17,146.32
2017-07-18,145.89
2017-07-19,145.47
2017-07-20,145.73
2017-07-21,145.79
2017-07-24,145.79
2017-07-25,146.93
2017-07-26,147.28
2017-07-27,147.12
2017-07-28,147.46
2017-07-31,148.06
2017-08-01,147.78
2017-08-02,147.06
2017-08-03,146.39
2017-08-04,146.44
2017-08-07,144.38
2017-08-08,145.6
2017-08-09,146.16
2017-08-10,148.53
2017-08-11,150.46
2017-08-14,150.72
2017-08-16,149.57
2017-08-17,149.09
2017-08-18,149.82
2017-08-21,151.89
2017-08-22,151.35
2017-08-23,150.02
2017-08-24,150.07
2017-08-25,150.55
2017-08-28,149.21
2017-08-29,147.66
2017-08-30,149.98
2017-08-31,150.1
2017-09-01,151.06
2017-09-04,151.52
2017-09-05,153.09
2017-09-06,153.05
2017-09-07,152.85
2017-09-08,153.41
2017-09-11,152.51
2017-09-12,151.41
2017-09-13,151.63
2017-09-14,152.06
2017-09-15,153.26
2017-09-18,152.53
2017-09-19,151.38
2017-09-20,150.84
2017-09-21,150.17
2017-09-22,149.44
2017-09-25,148.42
2017-09-26,149.13
2017-09-27,151.46
2017-09-28,151.14
2017-09-29,151.35
2017-10-02,150.64
2017-10-03,150.39
2017-10-04,150.14
2017-10-05,149.94
2017-10-06,149.59
2017-10-09,149.29
2017-10-10,151.05
2017-10-11,151.42
2017-10-12,150.13
2017-10-13,149.33
2017-10-16,150.45
2017-10-17,150.86
2017-10-18,148.57
2017-10-19,148.2
2017-10-20,148.47
2017-10-23,148.14
2017-10-24,147.81
2017-10-25,147.87
2017-10-26,147.59
2017-10-27,147.17
2017-10-30,148.9
2017-10-31,149
2017-11-02,149.18
2017-11-03,149.57
2017-11-06,148.33
2017-11-07,149.49
2017-11-08,150.31
2017-11-09,151.06
2017-11-10,150.64
2017-11-13,149.78
2017-11-14,149.49
2017-11-15,148.04
2017-11-16,147.92
2017-11-17,147.97
2017-11-20,148.5
2017-11-21,148.48
2017-11-22,148.78
2017-11-23,148.48
2017-11-24,147.53
2017-11-27,147.23
2017-11-28,146.85
2017-11-29,146.94
2017-11-30,146.07
2017-12-01,146.29
2017-12-04,144.98
2017-12-05,145.33
2017-12-06,144.33
2017-12-07,144.86
2017-12-08,144.14
2017-12-11,143.98
2017-12-12,142.89
2017-12-13,142.47
2017-12-14,143.34
2017-12-15,143.65
2017-12-18,144.36
2017-12-19,144.85
2017-12-20,144.18
2017-12-21,144.18
2017-12-22,143.81
2017-12-27,144.3
2017-12-28,145
2017-12-29,145.48
2018-01-02,145.1
2018-01-03,145.72
2018-01-04,146.36
2018-01-05,145.68
2018-01-08,146.06
2018-01-09,147.42
2018-01-10,147.49
2018-01-11,148.5
2018-01-12,148.68
2018-01-15,146.61
2018-01-16,146.45
2018-01-17,146.61
2018-01-18,146.46
2018-01-19,146.08
2018-01-22,145.9
2018-01-23,145.81
2018-01-24,146.12
2018-01-25,146.88
2018-01-26,145.39
2018-01-29,144.88
2018-01-30,144.21
2018-01-31,144.6
2018-02-01,144.1
2018-02-02,143.82
2018-02-05,142.65
2018-02-06,143.11
2018-02-07,143.4
2018-02-08,143.43
2018-02-09,144.29
2018-02-12,144.76
2018-02-13,145.05
2018-02-14,144.52
2018-02-15,145.07
2018-02-16,144.61
2018-02-19,144.2
2018-02-20,144.64
2018-02-21,144.74
2018-02-22,144.16
2018-02-23,145.25
2018-02-26,144.8
2018-02-27,144.9
2018-02-28,144.12
2018-03-01,144.85
2018-03-02,144.47
2018-03-05,145.38
2018-03-06,144.31
2018-03-07,145.28
2018-03-08,144.22
2018-03-09,144.12
2018-03-12,144.92
2018-03-13,144.47
2018-03-14,145.21
2018-03-15,144.9
2018-03-16,144.66
2018-03-19,144.11
2018-03-20,144.92
2018-03-21,144.56
2018-03-22,146.74
2018-03-23,146.41
2018-03-26,148.57
2018-03-27,148.46
2018-03-28,146.3
2018-03-29,145.47
2018-03-30,145.56
2018-04-03,145.3
2018-04-04,146.86
2018-04-05,147.78
2018-04-06,146.43
2018-04-09,146.87
2018-04-10,146.33
2018-04-11,146.66
2018-04-12,147.05
2018-04-13,146.31
2018-04-16,146.28
2018-04-17,146.04
2018-04-18,144.86
2018-04-19,146.52
2018-04-20,146.09
2018-04-23,145.62
2018-04-24,145.44
2018-04-25,146.96
2018-04-26,146.79
2018-04-27,147.88
2018-04-30,148.73
2018-05-02,146.52
2018-05-04,150.36
2018-05-07,150.52
2018-05-08,150.02
2018-05-09,150.75
2018-05-10,152.44
2018-05-11,151.68
2018-05-14,152.04
2018-05-15,150.87
2018-05-16,149.62
2018-05-17,150.47
2018-05-18,150.43
2018-05-21,150.71
2018-05-22,151.66
2018-05-23,150.7
2018-05-24,152.06
2018-05-25,153.5
2018-05-28,153.75
2018-05-29,154.43
2018-05-30,155.35
2018-06-01,156.13
2018-06-04,153.72
2018-06-05,152.71
2018-06-06,151.91
2018-06-07,152.44
2018-06-08,150.41
2018-06-11,152.26
2018-06-12,151.44
2018-06-13,151.43
2018-06-14,151.93
2018-06-15,151.45
2018-06-18,152.56
2018-06-19,152.45
2018-06-20,153.11
2018-06-21,153.03
2018-06-22,153.1
2018-06-25,150.87
2018-06-26,151.28
2018-06-27,150.54
2018-06-28,150.67
2018-06-29,151.72
2018-07-02,150.51
2018-07-03,151.26
2018-07-04,151.84
2018-07-05,152.43
2018-07-06,151.33
2018-07-09,150.23
2018-07-10,149.54
2018-07-11,149.08
2018-07-12,148.85
2018-07-13,148.44
2018-07-16,148.68
2018-07-17,146.94
2018-07-18,145.16
2018-07-19,145.79
2018-07-20,145.49
2018-07-23,146.86
2018-07-24,145.54
2018-07-25,146.19
2018-07-26,145.66
2018-07-27,144.73
2018-07-30,145.35
2018-07-31,144.35
2018-08-01,143.22
2018-08-02,143.45
2018-08-03,143.75
2018-08-06,144.42
2018-08-07,143.58
2018-08-08,143.14
2018-08-09,143.05
2018-08-10,143.85
2018-08-13,146.33
2018-08-14,146.11
2018-08-16,143.52
2018-08-17,143.72
2018-08-20,143.16
2018-08-21,143.54
2018-08-22,143.11
2018-08-23,142.74
2018-08-24,142.12
2018-08-27,142.54
2018-08-28,141.79
2018-08-29,142.46
2018-08-30,142.28
2018-08-31,141.35
2018-09-03,142.3
2018-09-04,142.71
2018-09-05,142.6
2018-09-06,143.65
2018-09-07,143.93
2018-09-10,142.62
2018-09-11,143.43
2018-09-12,141.89
2018-09-13,142.99
2018-09-14,144.44
2018-09-17,142.26
2018-09-18,142.49
2018-09-19,142.08
2018-09-20,141.93
2018-09-21,142.59
2018-09-24,140.29
2018-09-25,141.61
2018-09-26,141.08
2018-09-27,139.89
2018-09-28,139.32
2018-10-01,140.29
2018-10-02,140.98
2018-10-03,144.56
2018-10-04,143.29
2018-10-05,145.13
2018-10-08,145.19
2018-10-09,143.38
2018-10-10,143.44
2018-10-11,143.31
2018-10-12,144.96
2018-10-15,145.62
2018-10-16,146.66
2018-10-17,146.55
2018-10-18,146.71
2018-10-19,146.67
2018-10-22,148.45
2018-10-23,146.48
2018-10-24,148.97
2018-10-25,149.13
2018-10-26,149.56
2018-10-29,150.35
2018-10-30,150.09
2018-10-31,149.96
2018-11-02,151.21
2018-11-05,149.74
2018-11-06,150.19
2018-11-07,149.7
2018-11-08,147.87
2018-11-09,147.99
2018-11-13,147.92
2018-11-14,147.91
2018-11-15,147.46
2018-11-16,148.34
2018-11-19,148.85
2018-11-20,148.64
2018-11-21,149.02
2018-11-22,149.12
2018-11-23,148.98
2018-11-26,148.62
2018-11-27,148.28
2018-11-28,148.98
2018-11-29,148.68
2018-11-30,148.76
2018-12-03,147.72
2018-12-04,149.03
2018-12-05,149.61
2018-12-06,150.34
2018-12-07,151.19
2018-12-10,150.66
2018-12-11,150.55
2018-12-12,151.2
2018-12-13,151.93
2018-12-14,150.81
2018-12-17,151.31
2018-12-18,151.18
2018-12-19,150.94
2018-12-20,151.79
2018-12-21,151.19
2018-12-24,151.8
2018-12-27,152.42
2018-12-28,153.36
2018-12-31,154.41
2019-01-02,154.94
2019-01-03,155.18
2019-01-04,156.94
2019-01-07,155.22
2019-01-08,156.12
2019-01-09,155.34
2019-01-10,155.4
2019-01-11,155.19
2019-01-14,154.53
2019-01-15,155.68
2019-01-16,156.25
2019-01-17,156.31
2019-01-18,156.1
2019-01-21,155.64
2019-01-22,155.31
2019-01-23,155.51
2019-01-24,155.33
2019-01-25,156.18
2019-01-28,157.63
2019-01-29,157.4
2019-01-30,157.91
2019-01-31,158.35
2019-02-01,158.55
2019-02-04,157.91
2019-02-05,157.82
2019-02-06,158.61
2019-02-07,159.12
2019-02-08,159.71
2019-02-11,160.8
2019-02-12,160.4
2019-02-13,161.66
2019-02-14,161.5
2019-02-15,162.38
2019-02-18,162.23
2019-02-19,163.17
2019-02-20,164.32
2019-02-21,165.11
2019-02-22,163.7
2019-02-25,163.41
2019-02-26,163.63
2019-02-27,162.41
2019-02-28,161.13
2019-03-01,160.53
2019-03-04,159.95
2019-03-05,156.61
2019-03-06,156.77
2019-03-07,157.25
2019-03-08,157.17
2019-03-11,160.13
2019-03-12,158.76
2019-03-13,158.94
2019-03-14,160
2019-03-15,158.34
2019-03-18,159.32
2019-03-19,159
2019-03-20,159.01
2019-03-21,158.32
2019-03-22,158.25
2019-03-25,159.99
2019-03-26,161.09
2019-03-27,160.68
2019-03-28,160.49
2019-03-29,159.07
2019-04-01,159.79
2019-04-02,159.15
2019-04-03,159.3
2019-04-04,158.46
2019-04-05,157.64
2019-04-08,158.32
2019-04-09,159.63
2019-04-10,159.19
2019-04-11,159.58
2019-04-12,158.54
2019-04-15,157.7
2019-04-16,156.22
2019-04-17,155.14
2019-04-18,154.97
2019-04-19,155.88
2019-04-23,156.09
2019-04-24,155.6
2019-04-25,156.32
2019-04-26,158.7
2019-04-29,159
2019-04-30,158.26
2019-05-02,158.07
2019-05-06,156.95
2019-05-07,157.5
2019-05-08,157.67
2019-05-09,158.36
2019-05-10,158.83
2019-05-13,158.25
2019-05-14,159.65
2019-05-15,160
2019-05-16,160.63
2019-05-17,158.89
2019-05-20,158.73
2019-05-21,158.22
2019-05-22,157.86
2019-05-23,158.15
2019-05-24,159.7
2019-05-27,158.47
2019-05-28,158.22
2019-05-29,157.77
2019-05-30,158.88
2019-05-31,158.74
2019-06-03,160.34
2019-06-04,162.17
2019-06-05,161.98
2019-06-06,162.79
2019-06-07,163.45
2019-06-10,163.6
2019-06-11,161.25
2019-06-12,160.62
2019-06-13,161.21
2019-06-14,162.08
2019-06-17,163.89
2019-06-18,163.81
2019-06-19,164.31
2019-06-21,168.99
2019-06-24,169.37
2019-06-25,168.83
2019-06-26,172
2019-06-27,169.46
2019-06-28,168.75
2019-07-01,169.13
2019-07-02,167.27
2019-07-03,168.12
2019-07-04,170.87
2019-07-05,171.12
2019-07-08,168.28
2019-07-09,170.39
2019-07-10,170.34
2019-07-11,172.36
2019-07-12,172.07
2019-07-15,171.49
2019-07-16,171.9
2019-07-17,171.65
2019-07-18,172.46
2019-07-19,172.86
2019-07-22,175.23
2019-07-23,173.82
2019-07-24,174.14
2019-07-25,175.39
2019-07-26,173.92
2019-07-29,174.9
2019-07-30,175.42
2019-07-31,176.45
2019-08-01,176.73
2019-08-02,175.76
2019-08-05,179.97
2019-08-06,182.5
2019-08-07,181.29
2019-08-08,186.89
2019-08-09,185.33
2019-08-12,185.92
2019-08-13,187.28
2019-08-14,186.52
2019-08-16,189.51
2019-08-19,191.38
2019-08-20,188.63
2019-08-21,190.62
2019-08-22,189.5
2019-08-23,189.96
2019-08-26,190.36
2019-08-27,190.18
2019-08-28,193.75
2019-08-29,195.45
2019-08-30,196.03
2019-09-02,195.17
2019-09-03,195.35
2019-09-04,197.18
2019-09-05,195.93
2019-09-06,193.35
2019-09-09,192.6
2019-09-10,190.73
2019-09-11,189.18
2019-09-12,188.48
2019-09-13,191.77
2019-09-16,189.07
2019-09-17,188.3
2019-09-18,190.32
2019-09-19,190.08
2019-09-20,189.46
2019-09-23,189.87
2019-09-24,195.68
2019-09-25,194.77
2019-09-26,195.89
2019-09-27,194.17
2019-09-30,192.34
2019-10-01,191
2019-10-02,190.18
2019-10-03,192.69
2019-10-04,193.42
2019-10-07,190.24
2019-10-08,190.66
2019-10-09,190.76
2019-10-10,190.85
2019-10-11,188.52
2019-10-14,186.17
2019-10-15,186.69
2019-10-16,186.31
2019-10-17,185.91
2019-10-18,185.42
2019-10-21,184.47
2019-10-22,183.72
2019-10-23,183.44
2019-10-24,184.86
2019-10-25,185.01
2019-10-28,187.11
2019-10-29,184.86
2019-10-30,184.5
2019-10-31,184.15
2019-11-04,185.18
2019-11-05,184.89
2019-11-06,183.38
2019-11-07,183.94
2019-11-08,183.73
2019-11-12,181.15
2019-11-13,181.06
2019-11-14,182.96
2019-11-15,183.94
2019-11-18,183.21
2019-11-19,182.94
2019-11-20,183.11
2019-11-21,183.56
2019-11-22,182.72
2019-11-25,182.92
2019-11-26,183.04
2019-11-27,182.59
2019-11-28,183.08
2019-11-29,183.58
2019-12-02,184.46
2019-12-03,183.44
2019-12-04,183.85
2019-12-05,183.3
2019-12-06,183
2019-12-09,180.68
2019-12-10,181.91
2019-12-11,182.33
2019-12-12,182.32
2019-12-13,181.71
2019-12-16,180.27
2019-12-17,182.05
2019-12-18,181.31
2019-12-19,181.51
2019-12-20,181.76
2019-12-23,182.17
2019-12-24,182.95
2019-12-27,184.47
2019-12-30,185.97
2019-12-31,185.19
2020-01-02,185.97
2020-01-03,186.58
2020-01-07,193.28
2020-01-08,190.86
2020-01-09,192.67
2020-01-10,190.72
2020-01-13,191.17
2020-01-14,189.86
2020-01-15,188.88
2020-01-16,189.2
2020-01-17,189.76
2020-01-20,190.57
2020-01-21,192
2020-01-22,190.96
2020-01-23,191.24
2020-01-24,192.5
2020-01-27,193.49
2020-01-28,196.72
2020-01-29,196.59
2020-01-30,196.65
2020-01-31,197.16
2020-02-03,198.62
2020-02-04,196.77
2020-02-05,194.25
2020-02-06,193.04
2020-02-07,194.37
2020-02-10,196.92
2020-02-11,197.24
2020-02-12,197.12
2020-02-13,196.1
2020-02-14,198.02
2020-02-17,198.77
2020-02-18,199.16
2020-02-19,201.66
2020-02-20,204.03
2020-02-21,206.23
2020-02-24,209.33
2020-02-25,213.77
2020-02-26,210.24
2020-02-27,208
2020-02-28,209.32
2020-03-02,203.18
2020-03-03,200.7
2020-03-04,201.55
2020-03-05,203.43
2020-03-06,205.32
2020-03-09,206.94
2020-03-10,203.78
2020-03-11,202.58
2020-03-12,203.03
2020-03-13,195.14
2020-03-16,196.31
2020-03-17,187.64
2020-03-18,199.83
2020-03-19,196.29
2020-03-20,201.08
2020-03-23,203.73
2020-03-24,209.18
2020-03-25,219.02
2020-03-26,217.94
2020-03-27,220.69
2020-03-30,213.86
2020-03-31,212.97
2020-04-01,214.5
2020-04-02,211.38
2020-04-03,217.88
2020-04-06,219.87
2020-04-07,223.92
2020-04-08,221.23
2020-04-09,221.46
2020-04-10,225.54
2020-04-14,224.58
2020-04-15,233.33
2020-04-16,229.43
2020-04-17,231.51
2020-04-20,227.94
2020-04-21,225.11
2020-04-22,225.94
2020-04-23,229.55
2020-04-24,234.96
2020-04-27,232.5
2020-04-28,229.91
2020-04-29,227.57
2020-04-30,228.94
2020-05-04,226.25
2020-05-05,228.84
2020-05-06,229.09
2020-05-07,228.52
2020-05-08,231.01
2020-05-11,230.47
2020-05-12,230.64
2020-05-13,230.39
2020-05-14,231.32
2020-05-15,235.31
2020-05-18,235.07
2020-05-19,235.48
2020-05-20,232.71
2020-05-21,233.94
2020-05-22,229.3
2020-05-25,231.34
2020-05-26,230.92
2020-05-27,226.13
2020-05-28,220.67
2020-05-29,222.19
2020-06-01,222.49
2020-06-02,220.78
2020-06-03,220.14
2020-06-04,214.5
2020-06-05,216.31
2020-06-08,212.28
2020-06-09,213.04
2020-06-10,217.35
2020-06-12,218.98
2020-06-15,219.01
2020-06-16,216.73
2020-06-17,215.99
2020-06-18,219.17
2020-06-19,218.85
2020-06-22,221.64
2020-06-23,224.71
2020-06-24,223.56
2020-06-25,223.68
2020-06-26,223.79
2020-06-29,223.06
2020-06-30,225.88
2020-07-01,226.3
2020-07-02,225.43
2020-07-03,225.9
2020-07-06,226.65
2020-07-07,227.55
2020-07-08,228.37
2020-07-09,230.98
2020-07-10,230.05
2020-07-13,229.83
2020-07-14,229.91
2020-07-15,229.23
2020-07-16,226.96
2020-07-17,229.12
2020-07-20,228.16
2020-07-21,227.66
2020-07-22,229.92
2020-07-23,229.51
2020-07-24,229.84
2020-07-27,232.55
2020-07-28,234.4
2020-07-29,234.2
2020-07-30,235.89
2020-07-31,236.33
2020-08-03,234.78
2020-08-04,236.13
2020-08-05,237.6
2020-08-06,244.59
2020-08-07,247.5
2020-08-10,243.58
2020-08-11,245.78
2020-08-12,233.16
2020-08-13,233.27
2020-08-14,232.39
2020-08-17,232.78
2020-08-18,235.17
2020-08-19,238.27
2020-08-20,233.95
2020-08-21,230.27
2020-08-24,229.93
2020-08-25,232.96
2020-08-26,228.25
2020-08-27,231.63
2020-08-28,230.61
2020-08-31,232.73
2020-09-01,232.36
2020-09-02,232.76
2020-09-03,232.82
2020-09-04,232.95
2020-09-07,232.44
2020-09-08,233.53
2020-09-09,231.33
2020-09-10,237.07
2020-09-11,237.77
2020-09-14,235
2020-09-15,236.28
2020-09-16,234.67
2020-09-17,236.68
2020-09-18,234.76
2020-09-21,235.73
2020-09-22,233.05
2020-09-23,235.06
2020-09-24,231.28
2020-09-25,232.45
2020-09-28,233.28
2020-09-29,234.26
2020-09-30,237.6
2020-10-01,234.54
2020-10-02,235.51
2020-10-05,234.76
2020-10-06,234.87
2020-10-07,234.88
2020-10-08,231.01
2020-10-09,231.65
2020-10-12,234.42
2020-10-13,234.81
2020-10-14,230.66
2020-10-15,235.21
2020-10-16,236.65
2020-10-19,238.73
2020-10-20,237.49
2020-10-21,237.6
2020-10-22,239.44
2020-10-23,236.74
2020-10-26,236.63
2020-10-27,236.58
2020-10-28,238.1
2020-10-29,236.35
2020-10-30,237.54
2020-11-02,239.36
2020-11-03,240.35
2020-11-04,239.69
2020-11-05,238.23
2020-11-06,239.02
2020-11-09,238.33
2020-11-10,226.87
2020-11-12,228.36
2020-11-13,229.03
2020-11-16,231.09
2020-11-17,229.03
2020-11-18,230.06
2020-11-19,226.93
2020-11-20,226.17
2020-11-23,227.23
2020-11-24,222.54
2020-11-25,217.7
2020-11-26,218.58
2020-11-27,218.41
2020-11-30,215.19
2020-12-01,211.74
2020-12-02,217.55
2020-12-03,217.04
2020-12-04,217.86
2020-12-07,217.83
2020-12-08,221.27
2020-12-09,221.71
2020-12-10,217.05
2020-12-11,216.88
2020-12-14,216.92
2020-12-15,215.16
2020-12-16,217.5
2020-12-17,216.33
2020-12-18,220.39
2020-12-21,219.53
2020-12-22,224.12
2020-12-23,222.82
2020-12-24,222.55
2020-12-28,222.92
2020-12-29,220.86
2020-12-30,221.62
2020-12-31,223.95
2021-01-04,228.1
2021-01-05,231.16
2021-01-07,230
2021-01-08,226.28
2021-01-11,221.11
2021-01-12,221.35
2021-01-13,220.15
2021-01-14,221.96
2021-01-15,220.99
2021-01-18,221.54
2021-01-19,222.16
2021-01-20,220.72
2021-01-21,222.66
2021-01-22,223.39
2021-01-25,221.93
2021-01-26,223.29
2021-01-27,223.91
2021-01-28,222.23
2021-01-29,223.89
2021-02-01,224.46
2021-02-02,223.56
2021-02-03,219.91
2021-02-04,220.41
2021-02-05,215.38
2021-02-08,217.7
2021-02-09,220.11
2021-02-10,218.69
2021-02-11,219.03
2021-02-12,219.58
2021-02-15,217.17
2021-02-16,215.89
2021-02-17,213.11
2021-02-18,213.47
2021-02-19,211.8
2021-02-22,212.47
2021-02-23,215.79
2021-02-24,214.76
2021-02-25,213.55
2021-02-26,211.39
2021-03-01,208.69
2021-03-02,209.5
2021-03-03,209.29
2021-03-04,206.37
2021-03-05,208.37
2021-03-08,209.4
2021-03-09,209.72
2021-03-10,212.56
2021-03-11,212
2021-03-12,212.26
2021-03-15,211.13
2021-03-16,212.97
2021-03-17,214.86
2021-03-18,215.08
2021-03-19,214.77
2021-03-22,216.83
2021-03-23,216.4
2021-03-24,215.04
2021-03-25,217.54
2021-03-26,219.27
2021-03-29,218.86
2021-03-30,217.04
2021-03-31,214.42
2021-04-01,215.72
2021-04-02,218.79
2021-04-06,216.33
2021-04-07,218.6
2021-04-08,215.76
2021-04-09,216.53
2021-04-12,213.89
2021-04-13,212.5
2021-04-14,215.48
2021-04-15,212.4
2021-04-16,214.78
2021-04-19,216.66
2021-04-20,215.74
2021-04-21,215.7
2021-04-22,219.39
2021-04-23,217.76
2021-04-26,216.87
2021-04-27,214.72
2021-04-28,216.97
2021-04-29,216.18
2021-04-30,214.13
2021-05-04,214.51
2021-05-05,219.29
2021-05-06,218.52
2021-05-07,221.92
2021-05-10,223.57
2021-05-11,221.85
2021-05-12,220.62
2021-05-13,220.47
2021-05-14,220.66
2021-05-17,220.88
2021-05-18,222.24
2021-05-19,222.37
2021-05-20,225.19
2021-05-21,223.91
2021-05-24,221.81
2021-05-25,222.43
2021-05-26,221.74
2021-05-27,224.11
2021-05-28,224.57
2021-05-31,224.6
2021-06-01,224.35
2021-06-02,223.46
2021-06-04,219.99
2021-06-07,224.5
2021-06-08,222.54
2021-06-09,223.33
2021-06-10,222.6
2021-06-11,223.58
2021-06-14,222.32
2021-06-15,223.04
2021-06-16,223.98
2021-06-17,223.38
2021-06-18,216.93
2021-06-21,217.77
2021-06-22,218.09
2021-06-23,217.62
2021-06-24,218.18
2021-06-25,218
2021-06-28,216.83
2021-06-29,216.15
2021-06-30,213.99
2021-07-01,215.62
2021-07-02,218.52
2021-07-05,219.74
2021-07-06,218.72
2021-07-07,221.24
2021-07-08,221.78
2021-07-09,223.23
2021-07-12,223.15
2021-07-13,221.17
2021-07-14,224.72
2021-07-15,228.35
2021-07-16,226.52
2021-07-19,227.61
2021-07-20,227.38
2021-07-21,228.65
2021-07-22,226.17
2021-07-23,224.46
2021-07-26,224.79
2021-07-27,225.24
2021-07-28,225.83
2021-07-29,224.39
2021-07-30,227.11
2021-08-02,225.47
2021-08-03,223.51
2021-08-04,223.3
2021-08-05,225.63
2021-08-06,222.83
2021-08-09,218.33
2021-08-10,217.41
2021-08-11,215.75
2021-08-12,219.46
2021-08-13,219.52
2021-08-16,222.04
2021-08-17,222.43
2021-08-18,223.2
2021-08-19,222.83
2021-08-20,224.76
2021-08-23,224.8
2021-08-24,226.59
2021-08-25,227.25
2021-08-26,223.54
2021-08-27,223.51
2021-08-30,225.37
2021-08-31,223.9
2021-09-01,223.98
2021-09-02,222.74
2021-09-03,221.72
2021-09-06,222.78
2021-09-07,222.81
2021-09-08,220.41
2021-09-09,219.42
2021-09-10,220.14
2021-09-13,221.58
2021-09-14,222.04
2021-09-15,222.16
2021-09-16,222.27
2021-09-17,218.32
2021-09-20,219.53
2021-09-21,221.98
2021-09-22,224.42
2021-09-23,225
2021-09-24,220.85
2021-09-27,220.53
2021-09-28,221.67
2021-09-29,220.43
2021-09-30,221.64
2021-10-01,223.7
2021-10-04,224.14
2021-10-05,222.07
2021-10-06,223.72
2021-10-07,226.27
2021-10-08,222.83
2021-10-11,226.76
2021-10-12,225.26
2021-10-13,225.45
2021-10-14,227.56
2021-10-15,227.87
2021-10-18,224.61
2021-10-19,224.35
2021-10-20,224.33
2021-10-21,225.37
2021-10-22,225.69
2021-10-25,230.09
2021-10-26,229.27
2021-10-27,228.15
2021-10-28,229.81
2021-10-29,231.56
2021-11-02,228.74
2021-11-03,228.97
2021-11-04,224.99
2021-11-05,229.89
2021-11-08,231.2
2021-11-09,232.88
2021-11-10,232.78
2021-11-12,237.35
2021-11-15,242.62
2021-11-16,242.17
2021-11-17,245.46
2021-11-18,247.06
2021-11-19,245.9
2021-11-22,248.08
2021-11-23,244.39
2021-11-24,240.97
2021-11-25,239.31
2021-11-26,239.16
2021-11-29,241.76
2021-11-30,239.02
2021-12-01,239.08
2021-12-02,236.17
2021-12-03,230.55
2021-12-06,231.03
2021-12-07,232.3
2021-12-08,233.59
2021-12-09,233.47
2021-12-10,233.22
2021-12-13,233.96
2021-12-14,235.69
2021-12-15,234.74
2021-12-16,233.12
2021-12-17,236.34
2021-12-20,237.61
2021-12-21,237.83
2021-12-22,236.08
2021-12-23,236.23
2021-12-24,237.67
2021-12-27,236.72
2021-12-28,237.32
2021-12-29,235.76
2021-12-30,235.25
2021-12-31,235.9
2022-01-03,235.72
2022-01-04,236.56
2022-01-05,235.69
2022-01-07,232.4
2022-01-10,232.13
2022-01-11,231.13
2022-01-12,232.98
2022-01-13,233.53
2022-01-14,230.98
2022-01-17,232.08
2022-01-18,231.27
2022-01-19,232.17
2022-01-20,234.55
2022-01-21,236.33
2022-01-24,236.04
2022-01-25,235.85
2022-01-26,241.08
2022-01-27,240.16
2022-01-28,237.18
2022-01-31,235.98
2022-02-01,237.5
2022-02-02,235.47
2022-02-03,233.6
2022-02-04,232.1
2022-02-07,230.09
2022-02-08,232.49
2022-02-09,232.6
2022-02-10,232.32
2022-02-11,231.43
2022-02-14,233.51
2022-02-15,242.63
2022-02-16,236.17
2022-02-17,236.39
2022-02-18,241.61
2022-02-21,242.29
2022-02-22,242.23
2022-02-23,245.09
2022-02-24,244.57
2022-02-25,256.97
2022-02-28,252.6
2022-03-01,257.67
2022-03-02,260.71
2022-03-03,268.47
2022-03-04,268.37
2022-03-07,274.61
2022-03-08,291.2
2022-03-09,295.77
2022-03-10,282.32
2022-03-11,279.11
2022-03-14,277.98
2022-03-15,271.56
2022-03-16,264.53
2022-03-17,263.44
2022-03-18,265.78
2022-03-21,265.81
2022-03-22,264.04
2022-03-23,263.07
2022-03-24,265.66
2022-03-25,273.63
2022-03-28,270.91
2022-03-29,266.46
2022-03-30,263.55
2022-03-31,259.22
2022-04-01,261.01
2022-04-04,260.39
2022-04-05,261.11
2022-04-06,263.96
2022-04-07,264.41
2022-04-08,265.46
2022-04-11,266.55
2022-04-12,267.18
2022-04-13,270.61
2022-04-14,272.45
2022-04-15,268.77
2022-04-19,270.56
2022-04-20,270.83
2022-04-21,267.69
2022-04-22,266.18
2022-04-25,268
2022-04-26,263.14
2022-04-27,266.2
2022-04-28,269.52
2022-04-29,270.89
2022-05-02,270.82
2022-05-04,267.21
2022-05-05,266.38
2022-05-06,267.8
2022-05-09,269.33
2022-05-10,267.94
2022-05-11,264.1
2022-05-12,263.11
2022-05-13,264.96
2022-05-16,261.2
2022-05-17,260.56
2022-05-18,260.42
2022-05-19,257.75
2022-05-20,262.25
2022-05-23,258.48
2022-05-24,258.83
2022-05-25,258.56
2022-05-26,255.79
2022-05-27,256.63
2022-05-30,255.82
2022-05-31,254.17
2022-06-01,252.15
2022-06-02,253.99
2022-06-03,254.67
2022-06-06,253.23
2022-06-07,253.45
2022-06-08,255.33
2022-06-09,255.58
2022-06-10,253.63
2022-06-13,255.15
2022-06-14,260.21
2022-06-15,260.02
2022-06-17,261.04
2022-06-20,264.25
2022-06-21,262.18
2022-06-22,259.86
2022-06-23,262.57
2022-06-24,265.79
2022-06-27,262.09
2022-06-28,260.53
2022-06-29,259.52
2022-06-30,260.25
2022-07-01,261.87
2022-07-04,260.67
2022-07-05,261.82
2022-07-06,261.76
2022-07-07,263.93
2022-07-08,264.3
2022-07-11,265.01
2022-07-12,265.25
2022-07-13,268.65
2022-07-14,267.39
2022-07-15,263.96
2022-07-18,263.09
2022-07-19,260.61
2022-07-20,256.64
2022-07-21,255.7
2022-07-22,255.91
2022-07-25,262.05
2022-07-26,255.14
2022-07-27,255.61
2022-07-28,259.8
2022-07-29,264.72
2022-08-01,261.36
2022-08-02,263.76
2022-08-03,263.12
2022-08-04,261.43
2022-08-05,265.67
2022-08-08,262.38
2022-08-09,264.58
2022-08-10,265.04
2022-08-11,266.11
2022-08-12,261.16
2022-08-16,259.66
2022-08-17,264.09
2022-08-18,262.05
2022-08-19,263.75
2022-08-22,264.91
2022-08-23,264.31
2022-08-24,269.69
2022-08-25,269.54
2022-08-26,268.06
2022-08-29,267.23
2022-08-30,269.23
2022-08-31,262.63
2022-09-01,261.29
2022-09-02,255.79
2022-09-05,260.3
2022-09-06,262.34
2022-09-07,259.29
2022-09-08,260.47
2022-09-09,259.78
2022-09-12,256.71
2022-09-13,256.59
2022-09-14,254.12
2022-09-15,258.74
2022-09-16,256.35
2022-09-19,253.6
2022-09-20,252.91
2022-09-21,252.08
2022-09-22,257.56
2022-09-23,259.84
2022-09-26,257.84
2022-09-27,259.51
2022-09-28,259.95
2022-09-29,267.62
2022-09-30,267.74
2022-10-03,266.24
2022-10-04,263.95
2022-10-05,268.01
2022-10-06,264.49
2022-10-07,269.98
2022-10-10,270.4
2022-10-11,270.79
2022-10-12,268.52
2022-10-13,268.63
2022-10-14,264.45
2022-10-17,262.86
2022-10-18,265.04
2022-10-19,260.06
2022-10-20,256.49
2022-10-21,257.77
2022-10-24,258.87
2022-10-25,258.04
2022-10-26,258.74
2022-10-27,254.76
2022-10-28,251.94
2022-10-31,251.58
2022-11-02,250.43
2022-11-03,251.86
2022-11-04,252.9
2022-11-07,258.25
2022-11-08,253.31
2022-11-09,253.08
2022-11-10,258.2
2022-11-14,267.73
2022-11-15,258.09
2022-11-16,257.09
2022-11-17,256.79
2022-11-18,256.62
2022-11-21,255.34
2022-11-22,257.37
2022-11-23,256.91
2022-11-24,254.46
2022-11-25,254.55
2022-11-28,254.07
2022-11-29,251.7
2022-11-30,254.5
2022-12-01,254.08
2022-12-02,260.35
2022-12-05,255.3
2022-12-06,253.74
2022-12-07,255.42
2022-12-08,256.9
2022-12-09,257.64
2022-12-12,256.13
2022-12-13,255.17
2022-12-14,261.06
2022-12-15,255.62
2022-12-16,252.87
2022-12-19,254.88
2022-12-20,254.23
2022-12-21,256.61
2022-12-22,256.83
2022-12-23,253.13
2022-12-27,252.98
2022-12-28,252.81
2022-12-29,255.85
2022-12-30,257.02
2023-01-02,256.67
2023-01-03,255.46
2023-01-04,262.95
2023-01-05,262.71
2023-01-09,261.84
2023-01-10,265.86
2023-01-11,264.07
2023-01-12,262.71
2023-01-13,263.64
2023-01-16,265.34
2023-01-17,267.7
2023-01-18,267.03
2023-01-19,267.51
2023-01-20,268.16
2023-01-23,269.35
2023-01-24,266.2
2023-01-25,267.63
2023-01-26,268.59
2023-01-27,269.36
2023-01-30,267.43
2023-01-31,267.59
2023-02-01,268.97
2023-02-02,267.83
2023-02-03,264.44
2023-02-06,258.81
2023-02-07,264.01
2023-02-08,266.61
2023-02-09,265.37
2023-02-10,265.87
2023-02-13,266.45
2023-02-14,267.66
2023-02-15,266.42
2023-02-16,261.26
2023-02-17,262.25
2023-02-20,264.66
2023-02-21,264.15
2023-02-22,262.96
2023-02-23,263.74
2023-02-24,263.45
2023-02-27,259.84
2023-02-28,261.34
2023-03-01,260.89
2023-03-02,261.04
2023-03-03,259.79
2023-03-06,262.5
2023-03-07,263.3
2023-03-08,258.3
2023-03-09,260.62
2023-03-10,261.17
2023-03-13,264.89
2023-03-14,269.8
2023-03-15,268.58
2023-03-16,272.28
2023-03-17,273.54
2023-03-20,278.83
2023-03-21,279.43
2023-03-22,274.44
2023-03-23,272.41
2023-03-24,273.51
2023-03-27,280.39
2023-03-28,272.29
2023-03-29,273.27
2023-03-30,273.23
2023-03-31,272.03
2023-04-03,273.27
2023-04-04,275.24
2023-04-05,276.89
2023-04-06,279.04
2023-04-07,276.96
2023-04-11,276.31
2023-04-12,276.34
2023-04-13,275.8
2023-04-14,278.09
2023-04-17,272.98
2023-04-18,271.15
2023-04-19,270.95
2023-04-20,270.36
2023-04-21,271.18
2023-04-24,266.53
2023-04-25,266.52
2023-04-26,266.14
2023-04-27,267.63
2023-04-28,265.2
2023-05-02,266.13
2023-05-04,270.85
2023-05-05,273.13
2023-05-08,267.69
2023-05-09,266.22
2023-05-10,271.58
2023-05-11,272.03
2023-05-12,268.4
2023-05-15,270.4
2023-05-16,269.44
2023-05-17,266.09
2023-05-18,263.47
2023-05-19,264.28
2023-05-22,265.23
2023-05-23,265.32
2023-05-24,263.58
2023-05-25,263.28
2023-05-26,263.05
2023-05-29,264.02
2023-05-30,264.51
2023-05-31,265.15
2023-06-01,268.8
2023-06-02,269.15
2023-06-05,264.49
2023-06-06,264.18
2023-06-07,264.08
2023-06-09,264.81
2023-06-12,261.86
2023-06-13,258.5
2023-06-14,260.4
2023-06-15,260.28
2023-06-16,258.63
2023-06-19,256.55
2023-06-20,255.19
2023-06-21,251.88
2023-06-22,251.65
2023-06-23,248.96
2023-06-26,253.82
2023-06-27,251.42
2023-06-28,249.73
2023-06-29,249.85
2023-06-30,249.36
2023-07-03,252.47
2023-07-04,252.47
2023-07-05,251.86
2023-07-06,252.9
2023-07-07,252.79
2023-07-10,254.55
2023-07-11,251.19
2023-07-12,251.05
2023-07-13,253.38
2023-07-14,250.06
2023-07-17,248.83
2023-07-18,248.31
2023-07-19,250.51
2023-07-20,251.58
2023-07-21,252.28
2023-07-24,252.06
2023-07-25,253.4
2023-07-26,252.38
2023-07-27,252.56
2023-07-28,248.3
2023-07-31,253.69
2023-08-01,253.41
2023-08-02,252.04
2023-08-03,253.15
2023-08-04,253.96
2023-08-07,253.67
2023-08-08,250.6
2023-08-09,250.21
2023-08-10,250.94
2023-08-11,250.26
2023-08-14,249.45
2023-08-16,248.05
2023-08-17,249.97
2023-08-18,250.55
2023-08-21,251.34
2023-08-22,249.87
2023-08-23,249.02
2023-08-24,255.34
2023-08-25,253.79
2023-08-28,255.06
2023-08-29,254.94
2023-08-30,256.52
2023-08-31,257.79
2023-09-01,256.51
2023-09-04,257.44
2023-09-05,257.55
2023-09-06,257.9
2023-09-07,258.91
2023-09-08,264.55
2023-09-11,266.25
2023-09-12,266.6
2023-09-13,268.21
2023-09-14,265.96
2023-09-15,263.64
2023-09-18,269.1
2023-09-19,268.94
2023-09-20,270.44
2023-09-21,271.79
2023-09-22,267
2023-09-25,268.14
2023-09-26,267.29
2023-09-27,266.61
2023-09-28,264.7
2023-09-29,265.43
2023-10-02,262.79
2023-10-03,257.14
2023-10-04,257.87
2023-10-05,258.22
2023-10-06,256.04
2023-10-09,255.11
2023-10-10,257.72
2023-10-11,256.62
2023-10-12,256.22
2023-10-13,257.02
2023-10-16,264.14
2023-10-17,262.13
2023-10-18,261.17
2023-10-19,264.32
2023-10-20,265.46
2023-10-23,269.75
2023-10-24,266.55
2023-10-25,264.41
2023-10-26,269.6
2023-10-27,269.21
2023-10-30,269.45
2023-10-31,269.98
2023-11-02,266.19
2023-11-03,267.6
2023-11-06,268.39
2023-11-07,264.89
2023-11-08,262.67
2023-11-09,263.32
2023-11-10,261.24
2023-11-13,258.6
2023-11-14,257.51
2023-11-15,260.9
2023-11-16,254.69
2023-11-17,257.28
2023-11-20,256.84
2023-11-21,252.81
2023-11-22,257.28
2023-11-23,258.04
2023-11-24,256.08
2023-11-27,257.98
2023-11-28,257.46
2023-11-29,258.89
2023-11-30,259.8
2023-12-01,260.52
2023-12-04,262.45
2023-12-05,262.53
2023-12-06,259.61
2023-12-07,261.92
2023-12-08,261.98
2023-12-11,259.41
2023-12-12,257.25
2023-12-13,256.06
2023-12-14,255.91
2023-12-15,259.73
2023-12-18,256.96
2023-12-19,257.84
2023-12-20,259.84
2023-12-21,258.66
2023-12-22,260.23
2023-12-27,259.98
2023-12-28,260.65
2023-12-29,260.53
2024-01-02,262.94
2024-01-03,262.1
2024-01-04,262
2024-01-05,260.21
2024-01-08,263.45
2024-01-09,259.22
2024-01-10,259.14
2024-01-11,258.4
2024-01-12,258.87
2024-01-15,262.68
2024-01-16,263.4
2024-01-17,264.47
2024-01-18,261.53
2024-01-19,261.75
2024-01-22,262.76
2024-01-23,259.82
2024-01-24,261.03
2024-01-25,261.21
2024-01-26,261.51
2024-01-29,262.11
2024-01-30,262.2
2024-01-31,264.74
2024-02-01,264.93
2024-02-02,263.43
2024-02-05,259.25
2024-02-06,261.1
2024-02-07,264.32
2024-02-08,264.94
2024-02-09,262.78
2024-02-12,260.86
2024-02-13,260.38
2024-02-14,257.59
2024-02-15,259.06
2024-02-16,260.91
2024-02-19,259.01
2024-02-20,261.14
2024-02-21,260.92
2024-02-22,260.42
2024-02-23,259
2024-02-26,261.05
2024-02-27,259.26
2024-02-28,259.64
2024-02-29,260.85
2024-03-01,262.1
2024-03-04,263.09
2024-03-05,268.59
2024-03-06,273.37
2024-03-07,273.01
2024-03-08,273.35
2024-03-11,275
2024-03-12,275.23
2024-03-13,272.14
2024-03-14,273.78
2024-03-15,272.2
2024-03-18,274.01
2024-03-19,274.28
2024-03-20,276.19
2024-03-21,276.71
2024-03-22,275.15
2024-03-25,278.78
2024-03-26,278.75
2024-03-27,278.25
2024-03-28,280.99
2024-03-29,285.34
2024-04-02,283.95
2024-04-03,291.31
2024-04-04,292.09
2024-04-05,291.38
2024-04-08,292.43
2024-04-09,295.01
2024-04-10,297.11
2024-04-11,294.52
2024-04-12,299.43
2024-04-15,308.71
2024-04-16,303.06
2024-04-17,309.91
2024-04-18,313.09
2024-04-19,310.72
2024-04-22,311.3
2024-04-23,304.33
2024-04-24,304.01
2024-04-25,301.51
2024-04-26,300.26
2024-04-29,303.17
2024-04-30,302.72
2024-05-02,298.6
2024-05-06,298.58
2024-05-07,296.57
2024-05-08,298.74
2024-05-09,298.46
2024-05-10,299.65
2024-05-13,304.1
2024-05-14,300.29
2024-05-15,300.58
2024-05-16,298.41
2024-05-17,299.61
2024-05-20,304.08
2024-05-21,304.62
2024-05-22,305.72
2024-05-23,303.82
2024-05-24,298.57
2024-05-27,296.58
2024-05-28,295.22
2024-05-29,296.15
2024-05-31,296.33
2024-06-03,297.39
2024-06-04,296.89
2024-06-05,294.99
2024-06-06,297.96
2024-06-07,299.99
2024-06-10,292.62
2024-06-11,297.54
2024-06-12,301.22
2024-06-13,301.72
2024-06-14,298.04
2024-06-17,305.41
2024-06-18,303.79
2024-06-19,303.02
2024-06-20,301.81
2024-06-21,305.05
2024-06-24,304.24
2024-06-25,301.87
2024-06-26,298.81
2024-06-27,297.91
2024-06-28,301.17
2024-07-01,302.16
2024-07-02,298.88
2024-07-03,302.69
2024-07-04,303.6
2024-07-05,301.68
2024-07-08,302.76
2024-07-09,301.59
2024-07-10,299.88
2024-07-11,301.46
2024-07-12,304.08
2024-07-15,302.55
2024-07-16,303.26
2024-07-17,307
2024-07-18,312.66
2024-07-19,311.26
2024-07-22,304.92
2024-07-23,302.39
2024-07-24,304.06
2024-07-25,307.49
2024-07-26,301.14
2024-07-29,302.35
2024-07-30,304.11
2024-07-31,304.07
2024-08-01,309.61
2024-08-02,314.12
2024-08-05,315.04
2024-08-06,302.69
2024-08-07,304.09
2024-08-08,305.06
2024-08-09,306.4
2024-08-12,309.07
2024-08-13,311.17
2024-08-14,312.39
2024-08-16,306.48
2024-08-19,311
2024-08-20,310.23
2024-08-21,313.17
2024-08-22,309.72
2024-08-23,306.99
2024-08-26,310.47
2024-08-27,309.11
2024-08-28,309.14
2024-08-29,310.43
2024-08-30,313.07
2024-09-02,312.28
2024-09-03,310.75
2024-09-04,308.56
2024-09-05,309.87
2024-09-06,310.51
2024-09-09,310.11
2024-09-10,311.5
2024-09-11,312.63
2024-09-12,312.97
2024-09-13,319.42
2024-09-16,320.06
2024-09-17,319.34
2024-09-18,317.46
2024-09-19,316.95
2024-09-20,316.7
2024-09-23,321.02
2024-09-24,326.12
2024-09-25,324.59
2024-09-26,326.17
2024-09-27,327.95
2024-09-30,328.35
2024-10-01,322.92
2024-10-02,330.95
2024-10-03,331.87
2024-10-04,331.55
2024-10-07,333.29
2024-10-08,334.27
2024-10-09,333.53
2024-10-10,329.6
2024-10-11,332.63
2024-10-14,333.86
2024-10-15,335.36
2024-10-16,334.99
2024-10-17,339.46
2024-10-18,343.95
2024-10-21,346.38
2024-10-22,349.94
2024-10-23,350.71
2024-10-24,353.47
2024-10-25,352.84
2024-10-28,353.2
2024-10-29,354.42
2024-10-30,358.35
2024-10-31,357.14
2024-11-04,353.44
2024-11-05,351.56
2024-11-06,353.02
2024-11-07,347.21
2024-11-08,349.78
2024-11-12,338.55
2024-11-13,343.71
2024-11-14,341.33
2024-11-15,340.23
2024-11-18,338.19
2024-11-19,343.6
2024-11-20,346.23
2024-11-21,349.11
2024-11-22,354.17
2024-11-25,361.74
2024-11-26,349.91
2024-11-27,346.25
2024-11-28,347.91
2024-11-29,347.46
2024-12-02,347.48
2024-12-03,346.83
2024-12-04,346.42
2024-12-05,347.84
2024-12-06,344.22
2024-12-09,342.05
2024-12-10,346.16
2024-12-11,350.36
